Name,F_N_Hope,
651,

F_Label,True,0,Verse|1,
F_Circle,True,0,False|0#4|0%-10&-5%2&20&Default&4%0.2&0&Default&4%1&1&Default&0,
F_LoopDelay,True,-1,"0|28|4|F_ItemMove(False#背景ライン#Line#1#False#False#0.5#True#0%4#False#0#0%0#0&True&0~-7&0>0""0.5""Linear&0&&0.05&0""0.5""Linear#",
F_LoopDelay,True,0,"0|16|2|F_ItemMove(False#背景上からライン#Line#1#False#False#4#True#0%4#False#0#0%0#0&True&0~7&0>5""4""Default&0&&0.4&0""4""Default#",
F_ItemMove,True,0,False|ラインエフェクト|Line|1|False|False|1|True|0#4|False|0|0#0|0%True%-9&0%%70%0~2~None&90~2~InQuad%0.5%0~1~Linear#8%True%-4&0%%70%0~2~None&90~2~InQuad%0.5%0~1~Linear#8%True%1&0%%70%0~2~None&90~2~InQuad%0.5%0~1~Linear#8%True%6&0%%70%0~2~None&90~2~InQuad%0.5%0~1~Linear#1.6%True%9&0%%-70%0~2~None&-90~2~InQuad%0.5%0~1~Linear#8%True%4&0%%-70%0~2~None&-90~2~InQuad%0.5%0~1~Linear#8%True%-1&0%%-70%0~2~None&-90~2~InQuad%0.5%0~1~Linear#8%True%-6&0%%-70%0~2~None&-90~2~InQuad%0.5%0~1~Linear|,
F_ItemMove,True,8,False|ラインエフェクト|Line|1|False|False|1|True|0#4|False|0|0#0|0%True%-9&0%%30%0~2~None&60~2~InQuad%0.7%0~1~Linear#8%True%-4&0%%30%0~2~None&60~2~InQuad%0.7%0~1~Linear#8%True%1&0%%30%0~2~None&60~2~InQuad%0.7%0~1~Linear#8%True%6&0%%30%0~2~None&60~2~InQuad%0.7%0~1~Linear#4%True%11&0%%30%0~2~None&60~2~InQuad%0.7%0~1~Linear|,
F_ItemMove,True,12,False|ラインエフェクト|Line|1|False|False|2|True|0#4|False|0|0#0|0%True%6&4.5%%0%120~2~Default%0.5%0~2~OutQuart#0%True%6&4.5%%90%210~2~Default%0.5%0~2~OutQuart#4%True%-4&1.5%%-90%-210~2~Default%0.5%0~2~OutQuart#0%True%-4&1.5%%0%-120~2~Default%0.5%0~2~OutQuart#4%True%4&-1.5%%0%-120~2~Default%0.5%0~2~OutQuart#0%True%4&-1.5%%-90%-210~2~Default%0.5%0~2~OutQuart#4%True%-6&-3%%0%120~2~Default%0.5%0~2~OutQuart#0%True%-6&-3%%90%210~2~Default%0.5%0~2~OutQuart|,
F_ItemMove,True,16,False|ラインエフェクト|Line|1|False|False|1|True|0#0|False|0|0#0|0%True%-1&0%%70%0~2~None&90~2~InQuad%0.2%0~1~Linear#8%True%2&0%%70%0~2~None&90~2~InQuad%0.2%0~1~Linear#8%True%-4&0%%70%0~2~None&90~2~InQuad%0.2%0~1~Linear#8%True%6&0%%70%0~2~None&90~2~InQuad%0.2%0~1~Linear#1.6%True%-6&0%%-70%0~2~None&-90~2~InQuad%0.2%0~1~Linear#8%True%2&0%%-70%0~2~None&-90~2~InQuad%0.2%0~1~Linear#8%True%-2&0%%-70%0~2~None&-90~2~InQuad%0.2%0~1~Linear#8%True%6&0%%-70%0~2~None&-90~2~InQuad%0.2%0~1~Linear|,
F_ItemMove,True,24,False|ラインエフェクト|Line|1|False|False|1|True|0#0|False|0|0#0|0%True%1&0%%-70%0~2~None&-90~2~InQuad%0.2%0~1~Linear#8%True%-2&0%%-70%0~2~None&-90~2~InQuad%0.2%0~1~Linear#8%True%4&0%%-80%0~2~None&-90~2~InQuad%0.2%0~1~Linear#8%True%-5&0%%80%0~2~None&90~2~InQuad%0.2%0~1~Linear#4%True%7&0%%70%0~2~None&90~2~InQuad%0.2%0~1~Linear|,
F_LoopDelay,True,24,"0|32|16|F_ItemMove(False#ラインエフェクト#Line#1#False#False#8#True#0%0#False#0#0%0#0&True&12~0&-12>0""8""Default&110&70""8""Linear&0.06&0""1""Linear#",
F_ItemMove,True,28,False|ラインエフェクト|Line|1|False|False|2|True|0#0|False|0|0#0|0%True%11&0%%0%120~2~Default%0.5%0~2~OutQuart#0%True%11&0%%90%210~2~Default%0.5%0~2~OutQuart#4%True%-11&0%%-90%-210~2~Default%0.5%0~2~OutQuart#0%True%-11&0%%0%-120~2~Default%0.5%0~2~OutQuart#4%True%11&0%%0%-120~2~Default%0.5%0~2~OutQuart#0%True%11&0%%-90%-210~2~Default%0.5%0~2~OutQuart#4%True%-11&0%%0%120~2~Default%0.5%0~2~OutQuart#0%True%-11&0%%90%210~2~Default%0.5%0~2~OutQuart|%0#True,
F_JudgeLine,True,15,False|0.7|4|4|66|4|0|0#0,
F_General,True,16,#True|0%Slide%3%4%1%0#8%Slide%3%4%1%0#8%Slide%3%4%1%0#8%Slide%3%4%1%0#2%_None%6%4%1%0#8%Slide%-6%4%-1%0#8%Slide%-6%4%-1%0#8%Slide%-6%4%-1%0#8%Slide%-6%4%1%0#2%_None%6%4%1%0#8%Slide%6%4%1%0#8%Slide%6%4%1%0#8%Slide%6%4%1%0#8%Slide%6%4%1%0#4%Slide%0%4%-1%0#8%_None%6%4%1%0#4%Slide%-3%4%1%0#4%Slide%-3%4%-1%0#4%Slide%-3%4%1%0#4%Slide%-3%4%-1%0|False|0.7,
F_Label,True,32,Verse|2,
F_ItemMove,True,30,"False|周るライン|Line|1|False|True|0.2|False|0#4|False|0|0#0|0%True%4&0%-4""0~1~InOutQuad&4""0~1~InOutQuad&-4""0~1~InOutQuad&4""0~1~InOutQuad&-4""0~1~InOutQuad%105%75~2~InOutQuad&105~1~InOutQuad&75~1~InOutQuad&105~1~InOutQuad&75~1~InOutQuad&105~1~InOutQuad%0%0~2~None&0.5~4~Default&0.1~1~Default&0.5~1~InQuad&0.1~1~Default&0.5~2~InQuad&0~2~Default|",
F_ItemMove,True,30,"True|周るライン|Line|1|False|True|0.2|False|0#4|False|0|0#0|0%True%4&0%-4""0~1~InOutQuad&4""0~1~InOutQuad&-4""0~1~InOutQuad&4""0~1~InOutQuad&-4""0~1~InOutQuad%105%75~2~InOutQuad&105~1~InOutQuad&75~1~InOutQuad&105~1~InOutQuad&75~1~InOutQuad&105~1~InOutQuad%0%0~2~None&0.1~4~Default&0.4~1~Default&0.1~1~InQuad&0.4~1~Default&0.1~2~InQuad&0~2~Default|",
F_LoopDelay,True,32,"0|4|0.5|F_ItemMove(False#背景ライン#Line#1#False#False#1#True#0%4#False#0#0%0#0&True&0~4&0>8""1""InQuad&10&-10""1""InQuad&0.1&0""1""Default%0&True&0~-4&0>-8""1""InQuad&10&-10""1""InQuad&0.1&0""1""Default%0&True&9~0&14>0""1""InQuad&80&100""1""InQuad&0.1&0""1""Default%0&True&-9~0&-14>0""1""InQuad&80&100""1""InQuad&0.1&0""1""Default#",
F_LoopDelay,True,32,"1|4|0.5|F_ItemMove(True#背景ライン#Line#1#False#False#1#True#0%4#False#0#0%0#0&True&0~4&0>8""1""InQuad&10&-10""1""InQuad&0.1&0""1""Default%0&True&0~-4&0>-8""1""InQuad&10&-10""1""InQuad&0.1&0""1""Default%0&True&9~0&14>0""1""InQuad&80&100""1""InQuad&0.1&0""1""Default%0&True&-9~0&-14>0""1""InQuad&80&100""1""InQuad&0.1&0""1""Default#",
F_Arc,True,32,False|1||0|6%0%Auto%False%False%0%4%0&0&0#6%2%JudgeOnly%False%False%4%2%-10&-4&0#6%2%JudgeOnly%False%False%2%1.333333%-10&-4&0#6%2%JudgeOnly%False%False%1.333333%1%-10&-4&0#6%2%JudgeOnly%False%False%1%0.8%-10&-4&0#6%2%JudgeOnly%False%False%0.8%0.6666667%-10&-4&0#6%2%JudgeOnly%False%False%0.6666667%0.5714286%-10&-4&0#6%2%JudgeOnly%False%False%0.5714286%0.5%-10&-4&0#0%0.5%Auto%False%False%0%4%-10&-4&0#6%2%JudgeOnly%False%False%4%2%-10&-4&0#6%2%Auto%False%False%0%4%-10&-4&0#6%2%JudgeOnly%False%False%4%2%-10&-4&0#-6%2%Auto%False%False%0%4%-10&-4&0#6%2%JudgeOnly%False%False%4%2%-10&-4&0#6%2%Auto%False%False%0%4%-10&-4&0,
F_ItemMove,True,46,"False|周るライン|Line|1|False|True|0.2|False|0#4|False|0|0#0|0%True%4&0%-4""0~1~InOutQuad&4""0~1~InOutQuad&-4""0~1~InOutQuad&4""0~1~InOutQuad&-4""0~1~InOutQuad%105%75~2~InOutQuad&105~1~InOutQuad&75~1~InOutQuad&105~1~InOutQuad&75~1~InOutQuad&105~1~InOutQuad%0%0~2~None&0.1~4~Default&0.4~1~Default&0.1~1~InQuad&0.4~1~Default&0.1~2~InQuad&0~2~Default|",
F_ItemMove,True,46,"True|周るライン|Line|1|False|True|0.2|False|0#4|False|0|0#0|0%True%4&0%-4""0~1~InOutQuad&4""0~1~InOutQuad&-4""0~1~InOutQuad&4""0~1~InOutQuad&-4""0~1~InOutQuad%105%75~2~InOutQuad&105~1~InOutQuad&75~1~InOutQuad&105~1~InOutQuad&75~1~InOutQuad&105~1~InOutQuad%0%0~2~None&0.5~4~Default&0.1~1~Default&0.5~1~InQuad&0.1~1~Default&0.5~2~InQuad&0~2~Default|",
F_Arc,True,48,True|1||0|6%0%Auto%False%False%0%4%0&0&0#6%2%JudgeOnly%False%False%4%2%-10&-4&0#6%2%JudgeOnly%False%False%2%1.333333%-10&-4&0#6%2%JudgeOnly%False%False%1.333333%1%-10&-4&0#6%2%JudgeOnly%False%False%1%0.8%-10&-4&0#6%2%JudgeOnly%False%False%0.8%0.6666667%-10&-4&0#6%2%JudgeOnly%False%False%0.6666667%0.5714286%-10&-4&0#6%2%JudgeOnly%False%False%0.5714286%0.5%-10&-4&0#0%0.5%Auto%False%False%0%4%-10&-4&0#4%4%Auto%False%False%0%4%-10&-4&0#-4%4%Auto%False%False%0%4%-10&-4&0#3%4%Auto%False%False%0%4%-10&-4&0#-3%4%Linear%False%False%0%4%-10&-4&0#6%2%Linear%False%False%0%4%-10&-4&0#0%2%Auto%False%False%0%4%-10&-4&0,
F_Label,True,64,Verse|3,
F_CameraShake,True,64,False|8|4|Rotate|3|4|OutQuad|100|True,
F_CameraShake,True,72,False|8|4|Rotate|-3|4|OutQuad|100|True,
F_LoopDelay,True,64,"0|7|4|F_ItemMove(False#広がるライン#Line#1#False#False#1#True#0%4#False#0#0%0#0&True&4~0&-12>0""1""InQuad&90&&0&0.1""4""InQuad~0.3""0""Linear~0.1""4""Default~0.3""0""Linear~0.1""4""Default~0.3""0""Linear~0.1""4""Default%0&True&4~0&16>0""1""InQuad&90&&0&0.1""4""InQuad~0.3""0""Linear~0.1""4""Default~0.3""0""Linear~0.1""4""Default~0.3""0""Linear~0.1""4""Default#",
F_LoopDelay,True,72,"0|7|4|F_ItemMove(True#広がるライン#Line#1#False#False#1#True#0%4#False#0#0%0#0&True&4~0&-12>0""1""InQuad&90&&0&0.1""4""InQuad~0.3""0""Linear~0.1""4""Default~0.3""0""Linear~0.1""4""Default~0.3""0""Linear~0.1""4""Default%0&True&4~0&16>0""1""InQuad&90&&0&0.1""4""InQuad~0.3""0""Linear~0.1""4""Default~0.3""0""Linear~0.1""4""Default~0.3""0""Linear~0.1""4""Default#",
F_LoopDelay,True,64,"0|7|4|F_ItemMove(False#ホールドエフェクト#HoldNote#4#False#False#8#True#0%4#False#0#0%0#0&True&-7~-14&-7>10""8""Default&0&&0.2&%0&True&-3.5~10&-3.5>-14""8""Default&0&&0.2&#",
F_LoopDelay,True,72,"0|7|4|F_ItemMove(True#ホールドエフェクト#HoldNote#4#False#False#8#True#0%4#False#0#0%0#0&True&-7~-14&-7>10""8""Default&0&&0.2&%0&True&-3.5~10&-3.5>-14""8""Default&0&&0.2&#",
F_General,True,64,P_SideMove(False&1.333333&2&OutQuad#False|0%Hold%5%1.333333%-4%0#1.333333%Normal%2%8%-4%0#8%Normal%0%4%-4%0#4%Hold%5%1.6%-4%0#1.6%_None%2%1.6%-4%0#2%Hold%-5%4%-4%0#4%Hold%-2%4%-4%0#4%Normal%-7%8%-4%0#8%Normal%-5%4%-4%0#4%Hold%-2%4%-4%0#4%Hold%-5%2.666667%-4%0|False|1,
F_LoopDelay,True,80,"0|10|4|F_ItemMove(False#広がるライン#Line#1#False#False#1#True#0%4#False#0#0%0#0&True&0~0&-12>0""1""InQuad&90&&0&0.1""4""InQuad~0.3""0""Linear~0.1""4""Default~0.3""0""Linear~0.1""4""Default~0.3""0""Linear~0.1""4""Default%0&True&0~0&12>0""1""InQuad&90&&0&0.1""4""InQuad~0.3""0""Linear~0.1""4""Default~0.3""0""Linear~0.1""4""Default~0.3""0""Linear~0.1""4""Default#",
F_ItemMove,True,80,False|判定線|Line|1|False|False|0.25|False|0#0|False|0|0#0|0%True%0&0%%0%3~2~OutQuad&0~2~InQuad&-3~2~OutQuad&0~2~InQuad&3~2~OutQuad&0~2~InQuad%0.7%#0%True%0&0%%0%-3~2~OutQuad&0~2~InQuad&3~2~OutQuad&0~2~InQuad&-3~2~OutQuad&0~2~InQuad%0.7%|,
F_LoopDelay,True,88,"0|30|16|F_ItemMove(False#上がるライン#Line#1#False#False#8#True#0%4#False#0#0%0#0&True&0~8&0>-4""8""InQuad&0&&0.1&#",
F_General,True,80,P_2ShakeLoop(3&1&2&0&OutQuad#True|0%Normal%6%4%0%0#4%Normal%6%4%0%0#4%Normal%3%4%0%0#4%Normal%3%4%0%0#4%Normal%-6%4%0%0#4%Normal%-6%4%0%0#4%Normal%-3%4%0%0#4%Normal%-3%4%0%0#0%_None%6%4%0%0#4%Slide%4%4%0%0#16%Slide%-4%4%0%0#16%Slide%4%4%0%0#16%Slide%-4%4%0%0#16%Slide%4%4%0%0#16%Slide%-4%4%0%0#16%Slide%4%4%0%0#16%Slide%-4%4%0%0#16%Slide%4%4%0%0#16%Slide%-4%4%0%0#16%Slide%4%4%0%0#16%Slide%-4%4%0%0#16%Slide%4%4%0%0#16%Slide%-4%4%0%0#16%Slide%4%4%0%0#16%Slide%-4%4%0%0|False|1,
F_General,True,92,#True|0%Normal%0%4%0%0#4%Normal%0%4%0%0#4%Slide%0%4%0%0#8%Slide%-2%4%0%0#8%Slide%2%4%0%0|False|1,
F_ItemMove,True,92,False|コツコツスライド|SlideNote|1|False|False|4|True|0#4|False|0|0#0|0%True%-5&0%%-60%-90~8~OutBack%1%#4%True%5&0%%-60%-90~8~OutBack%1%|,
F_ItemMove,True,94,"False|3>4>5ライン|Line|1|False|False|4|True|0#4|False|0|0#0|0%True%0&-2%0""-3~8~Default%0%%0.2%0~4~Default#0%True%-2&0%-3""0~8~Default%60%%0.2%0~4~Default#0%True%2&0%3""0~8~Default%-60%%0.2%0~4~Default#8%True%-7&0%-8""0~8~Default%-45%%0.2%0~4~Default#0%True%7&0%8""0~8~Default%-45%%0.2%0~4~Default#0%True%7&0%8""0~8~Default%45%%0.2%0~4~Default#0%True%-7&0%-8""0~8~Default%45%%0.2%0~4~Default#8%True%0&-4%0""-5~8~Default%0%%0.2%0~4~Default#0%True%5&0%6""0~8~Default%72%%0.2%0~4~Default#0%True%-5&0%-6""0~8~Default%-72%%0.2%0~4~Default#0%True%6&0%7""0~8~Default%144%%0.2%0~4~Default#0%True%-6&0%-7""0~8~Default%-144%%0.2%0~4~Default|",
F_Label,True,96,Drop|1,
F_CameraShake,True,96,False|8|1|Vertical|0.5|1|OutQuad|100|True,
F_ItemMove,True,96,"False|ランダムライン|Line|1|False|False|0.25|True|0#4|False|0|0#0|0%True%8&-1%-7""4~0.25~Default%20%-44~0.25~Default%0.4%0~2.666667~Default&0.4~0~Default&0~2.666667~Default&0.4~0~Default&0~4~Default&0.4~0~Default&0~1~Default&0.4~0~Default&0~2.666667~Default&0.4~0~Default&0~2.666667~Default&0.4~0~Default&0~4~Default&0.4~0~Default&0~1~Default#0%True%-5&-8%8""6~0.25~Default%61%-12~0.25~Default%0.5%0~2.666667~Default&0.5~0~Default&0~2.666667~Default&0.5~0~Default&0~4~Default&0.4~0~Default&0~1~Default&0.5~0~Default&0~2.666667~Default&0.5~0~Default&0~2.666667~Default&0.5~0~Default&0~4~Default&0.4~0~Default&0~1~Default#0%True%-7&-8%3""4~0.25~Default%-75%64~0.25~Default%0.5%0~2.666667~Default&0.5~0~Default&0~2.666667~Default&0.5~0~Default&0~4~Default&0.4~0~Default&0~1~Default&0.5~0~Default&0~2.666667~Default&0.5~0~Default&0~2.666667~Default&0.5~0~Default&0~4~Default&0.4~0~Default&0~1~Default#0%True%-11&-6%9""-5~0.25~Default%-4%-80~0.25~Default%0.5%0~2.666667~Default&0.5~0~Default&0~2.666667~Default&0.5~0~Default&0~4~Default&0.4~0~Default&0~1~Default&0.5~0~Default&0~2.666667~Default&0.5~0~Default&0~2.666667~Default&0.5~0~Default&0~4~Default&0.4~0~Default&0~1~Default|",
F_LoopDelay,True,96,"0|3|0.5|F_ItemMove(False#判定線#Line#1#False#False#0.5#True#0%0#False#0#0%0#0&True&0~0&&0&&1&0""2.666667""InQuad~1""0""Default~0""2.666667""InQuad~1""0""Default~0""4""InQuad~1""0""InQuad~0""1""InQuad#",
F_SimpleArc,True,96,False|1|0%-6&0%2.666667%False%True%True%20%3#2.666667%6&0%2.666667%True%True%True%20%3#2.666667%-6&-1%5.333333%True%True%True%15%2#4%5&-2%2%True%True%True%20%5,
F_LoopDelay,True,102,"0|2|4|F_ItemBlink(Slide, Arc#20#4#48#False#222#1%5#1%3#False",
F_ItemBlink,True,110,Line|20|4|16|False|222|1#5|1#3|False,
F_ItemMove,True,102,False|細切れライン|Line|1|False|False|0.5|True|0#4|False|0|0#0|0%True%5&0%%90%110~4~Default%0.2%0~4~Default#24%True%3&0%%90%110~4~Default%0.2%0~4~Default#24%True%1&0%%90%110~4~Default%0.2%0~4~Default#24%True%-1&0%%90%110~4~Default%0.2%0~4~Default#8%True%0&0%%90%110~4~Default%0.2%0~4~Default#24%True%-2&0%%90%110~4~Default%0.2%0~4~Default#24%True%-4&0%%90%110~4~Default%0.2%0~4~Default#24%True%-6&0%%90%110~4~Default%0.2%0~4~Default|,
F_General,True,102,#True|0%Slide%-2%4%0%0#24%Slide%-0.5%4%0%0#24%Slide%1%4%0%0#24%Slide%2.5%4%0%0#8%Slide%-6%4%0%0#24%Slide%-4.5%4%0%0#24%Slide%-3%4%0%0#24%Slide%-1.5%4%0%0|False|1,
F_SimpleArc,True,104,False|1|0%5&-3%2.666667%False%True%True%20%4#2.666667%-3&7%2.666667%False%True%True%20%4#2.666667%-3&3%4%False%True%True%10%2#4%3&-5%2%True%True%True%20%5,
F_General,True,110,P_Curve(False&0&50&OutQuad#False|0%Hold%5%2.666667%0%0#0%Slide%6%2.666667%0%0#8%Slide%4%2.666667%0%0#8%Slide%6%2.666667%0%0#8%Slide%4%2.666667%0%0|False|1,
F_ItemMove,True,112,"False|ランダムライン|Line|1|False|False|0.25|True|0#4|False|0|0#0|0%True%-5&4%-5""-1~0.25~Default%-3%-78~0.25~Default%0.4%0~2.666667~Default&0.4~0~Default&0~2.666667~Default&0.4~0~Default&0~4~Default&0.4~0~Default&0~1~Default&0.4~0~Default&0~2~Default&0.4~0~Default&0~2~Default&0.4~0~Default&0~2~Default&0.4~0~Default&0~2~Default#0%True%7&4%-8""3~0.25~Default%-34%37~0.25~Default%0.4%0~2.666667~Default&0.4~0~Default&0~2.666667~Default&0.4~0~Default&0~4~Default&0.4~0~Default&0~1~Default&0.4~0~Default&0~2~Default&0.4~0~Default&0~2~Default&0.4~0~Default&0~2~Default&0.4~0~Default&0~2~Default#0%True%1&4%2""-7~0.25~Default%64%24~0.25~Default%0.4%0~2.666667~Default&0.4~0~Default&0~2.666667~Default&0.4~0~Default&0~4~Default&0.4~0~Default&0~1~Default&0.4~0~Default&0~2~Default&0.4~0~Default&0~2~Default&0.4~0~Default&0~2~Default&0.4~0~Default&0~2~Default#0%True%-6&4%0""6~0.25~Default%41%67~0.25~Default%0.4%0~2.666667~Default&0.4~0~Default&0~2.666667~Default&0.4~0~Default&0~4~Default&0.4~0~Default&0~1~Default&0.4~0~Default&0~2~Default&0.4~0~Default&0~2~Default&0.4~0~Default&0~2~Default&0.4~0~Default&0~2~Default|",
F_SimpleArc,True,112,True|1|0%-6&0%2.666667%True%True%True%20%3#2.666667%6&0%2.666667%True%True%True%20%3#2.666667%-6&-1%5.333333%True%True%True%15%2#4%5&-2%2%True%True%True%20%5,
F_SimpleArc,True,120,True|1|0%5&-5%2%False%True%True%20%5#2%-5&3%2%True%True%True%20%5#2%-7&2%2%True%True%True%20%5,
F_LoopDelay,True,118,"0|2|4|F_ItemBlink(Slide, Arc#24#4#48#False#222#1%5#1%3#False",
F_ItemBlink,True,126,Line|20|4|16|False|222|1#5|1#3|False,
F_ItemMove,True,118,True|細切れライン|Line|1|False|False|0.5|True|0#4|False|0|0#0|0%True%5&0%%90%110~4~Default%0.2%0~4~Default#24%True%3&0%%90%110~4~Default%0.2%0~4~Default#24%True%1&0%%90%110~4~Default%0.2%0~4~Default#24%True%-1&0%%90%110~4~Default%0.2%0~4~Default#8%True%0&0%%90%110~4~Default%0.2%0~4~Default#24%True%-2&0%%90%110~4~Default%0.2%0~4~Default#24%True%-4&0%%90%110~4~Default%0.2%0~4~Default#24%True%-6&0%%90%110~4~Default%0.2%0~4~Default|,
F_General,True,118,#True|0%Slide%-2%4%0%0#24%Slide%-0.5%4%0%0#24%Slide%1%4%0%0#24%Slide%2.5%4%0%0#8%Slide%-6%4%0%0#24%Slide%-4.5%4%0%0#24%Slide%-3%4%0%0#24%Slide%-1.5%4%0%0|True|1,
F_General,True,126,P_Curve(False&0&50&OutQuad#True|0%Hold%5%2.666667%0%0#0%Slide%6%2.666667%0%0#8%Slide%4%2.666667%0%0#8%Slide%6%2.666667%0%0#8%Slide%4%2.666667%0%0|True|1,
F_ItemMove,True,120,False|判定線|Line|1|False|False|0.5|True|0#0|False|0|0#0|0%True%0&0%%0%%1%0~2~InQuad&1~0~Default&0~2~InQuad&1~0~Default&0~2~InQuad&1~0~InQuad&0~2~InQuad|,
F_Label,True,128,Drop|2,
F_RandomLinePulse,True,128,False|0.25|2|-12#-8|0#0|70#70|0.2#0.2|0.1#0.1|23545,
F_LoopDelay,True,128,"0|8|2|F_ItemMove(False#背景ライン#Line#1#False#False#1#True#0%4#False#0#0%0#0&True&0~-8&0>0""2""OutQuad~0>8""2""InQuad&0&180""2""Default~0""2""InQuad&0.1&#",
F_LoopDelay,True,128,0|4|1|F_CameraMove(False#True#True#0&True&0~-0.5~0&False&0~0~0&False&InQuart&2&Relative%2&True&0~0.5~0&False&0~0~0&False&OutQuart&2&Relative%0&False&0~0.5~0&True&0~0~5&False&OutQuart&2&Relative%2&False&0~0.5~0&True&0~0~-5&False&InQuad&2&Relative,
F_ItemMove,True,128,False|判定線入り|Line|1|False|False|2|False|0#0|False|0|0#0|0%True%0&0%%0%%1%0~2~InQuad|,
F_LoopDelay,True,130,"0|8|1|F_ItemMove(False#判定線#Line#1#False#False#1#False#0%0#False#0#0%0#0&True&0~0&&0&&1&0""1""InQuad#",
F_LoopDelay,True,134,0|2|4|F_ItemBlink(Hold#4#4#48#False#222#1%5#1%3#False,
F_General,True,128,#True|0%Hold%4%2.666667%0%0#2%Normal%6%4%0%0#2%Hold%-4%2.666667%0%0#2%Normal%6%4%0%0#2%Hold%1%2.666667%0%0#2%Normal%6%4%0%0#2%Hold%-1%2.666667%0%0#2%Normal%6%4%0%0|False|1,
F_LoopDelay,True,130,0|4|1|F_Circle(False#6%0#0&0~0&2~6~Default~2&0.3~0~Default~2&0.3~0~Default~2%0&0~0&6~10~InQuad~2&0.5~0~Default~2&0.08~0.05~Default~2%0&0~0&0~18~OutQuad~2&0.3~0~Default~2&0.2~0~Default~2,
F_ItemMove,False,124,False|ライン回転入り|Line|1|False|False|0.6666667|False|6#0|False|0|0#0|0%True%0&0%%0%0~2~None&-180~1~OutBack%0%0.2~2~None&0.2~1~Default#0%True%0&0%%270%0~2~None&90~1~OutBack%0%0.2~2~None&0.7~1~Default|,
F_LoopDelay,False,128,"0|3|1|F_ItemMove(False#回転#Line#1#False#False#1#True#6%0#False#0#0%0#2&True&0~0&&0&-180""1""OutBack&0.4&%0&True&0~0&&270&90""1""OutBack&0.1&0.7""1""Default#",
F_ItemMove,False,140,False|回転抜き|Line|1|False|False|1|True|6#0|False|0|0#0|2%True%0&0%%0%-180~1~OutBack%0.2%0~2~Default#0%True%0&0%%270%90~1~OutBack%0.4%0~2~Default|,
F_LoopDelay,True,150,0|2|4|F_ItemBlink(Hold#6#4#48#False#222#1%5#1%3#False,
F_LoopDelay,True,144,"0|8|2|F_ItemMove(True#背景ライン#Line#1#False#False#1#True#0%4#False#0#0%0#0&True&0~-8&0>0""2""OutQuad~0>8""2""InQuad&0&180""2""Default~0""2""InQuad&0.1&#",
F_RandomLinePulse,True,144,True|0.25|2|-12#-8|0#0|70#70|0.2#0.2|0.1#0.1|23545,
F_LoopDelay,True,144,0|4|1|F_CameraMove(True#True#True#0&True&0~-0.5~0&False&0~0~0&False&InQuart&2&Relative%2&True&0~0.5~0&False&0~0~0&False&OutQuart&2&Relative%0&False&0~0.5~0&True&0~0~5&False&OutQuart&2&Relative%2&False&0~0.5~0&True&0~0~-5&False&InQuad&2&Relative,
F_General,True,144,#False|0%Hold%4%2.666667%0%0#0%Hold%-4%2.666667%0%0#2%Normal%6%4%0%0#2%Hold%6%2.666667%0%0#0%Hold%3%2.666667%0%0#2%Normal%6%4%0%0#2%Hold%-6%2.666667%0%0#0%Hold%-3%2.666667%0%0#2%Normal%6%4%0%0#2%Hold%-2%2.666667%0%0#0%Hold%2%2.666667%0%0#2%Normal%6%4%0%0|True|1,
F_LoopDelay,True,146,0|4|1|F_Circle(True#6%0#0&0~0&2~6~Default~2&0.3~0~Default~2&0.3~0~Default~2%0&0~0&6~10~InQuad~2&0.5~0~Default~2&0.08~0.05~Default~2%0&0~0&0~18~OutQuad~2&0.3~0~Default~2&0.2~0~Default~2,
F_ItemMove,False,140,True|ライン回転入り|Line|1|False|False|0.6666667|False|6#0|False|0|0#0|0%True%0&0%%0%0~2~None&-180~1~OutBack%0%0.2~2~None&0.2~1~Default#0%True%0&0%%270%0~2~None&90~1~OutBack%0%0.2~2~None&0.7~1~Default|,
F_LoopDelay,False,144,"0|3|1|F_ItemMove(True#回転#Line#1#False#False#1#True#6%0#False#0#0%0#2&True&0~0&&0&-180""1""OutBack&0.4&%0&True&0~0&&270&90""1""OutBack&0.1&0.7""1""Default#",
F_ItemMove,False,156,True|回転抜き|Line|1|False|False|1|True|6#0|False|0|0#0|2%True%0&0%%0%-180~1~OutBack%0.2%0~2~Default#0%True%0&0%%270%90~1~OutBack%0.4%0~2~Default|,
F_Label,True,160,Drop|3,
F_LoopDelay,True,160,"0|4|0.5|F_ItemMove(False#背景ライン#Line#1#False#False#1#True#0%4#False#0#0%0#0&True&0~0&0>2""2""Default~0>10""2""Default&0&20""2""Default~200""2""Default&0&0.1""2""Linear~0.3""2""Default%0&True&0~0&0>-2""2""Default~0>-10""2""Default&0&20""2""Default~200""2""Default&0&0.1""2""Linear~0.3""2""Default%0&True&0~0&3>0""2""Default~14>0""2""Default&90&110""2""Default~290""2""Default&0&0.1""2""Linear~0.3""2""Default%0&True&0~0&-3>0""2""Default~-14>0""2""Default&90&110""2""Default~290""2""Default&0&0.1""2""Linear~0.3""2""Default#",
F_LoopDelay,True,160,"1|4|0.5|F_ItemMove(True#背景ライン#Line#1#False#False#1#True#0%4#False#0#0%0#0&True&0~0&0>2""2""Default~0>10""2""Default&0&20""2""Default~200""2""Default&0&0.1""2""Linear~0.3""2""Default%0&True&0~0&0>-2""2""Default~0>-10""2""Default&0&20""2""Default~200""2""Default&0&0.1""2""Linear~0.3""2""Default%0&True&0~0&3>0""2""Default~14>0""2""Default&90&110""2""Default~290""2""Default&0&0.1""2""Linear~0.3""2""Default%0&True&0~0&-3>0""2""Default~-14>0""2""Default&90&110""2""Default~290""2""Default&0&0.1""2""Linear~0.3""2""Default#",
F_LoopDelay,True,160,0|4|0.5|F_CameraMove(False#True#True#0&True&-1~0~0&False&0~0~0&False&InCubic&2&Relative%2&True&1~0~0&False&0~0~0&False&OutQuad&2&Relative%2&True&1~0~0&False&0~0~0&False&InCubic&2&Relative%2&True&-1~0~0&False&0~0~0&False&OutQuad&2&Relative,
F_JudgeLine,True,160,False|1|4|4|32|4|0|0#0,
F_LoopDelay,True,160,0|4|0.5|F_CameraMove(True#True#True#0&True&0~-0.4~0&False&0~0~0&False&InQuart&2&Relative%2&True&0~0.4~0&False&0~0~0&False&OutQuart&2&Relative%0&False&0~0.5~0&True&0~0~4&False&OutQuart&2&Relative%2&False&0~0.5~0&True&0~0~-4&False&InQuad&2&Relative,
F_LoopDelay,True,160,1|4|0.5|F_CameraMove(False#True#True#0&True&0~-0.4~0&False&0~0~0&False&InQuart&2&Relative%2&True&0~0.4~0&False&0~0~0&False&OutQuart&2&Relative%0&False&0~0.5~0&True&0~0~4&False&OutQuart&2&Relative%2&False&0~0.5~0&True&0~0~-4&False&InQuad&2&Relative,
F_Arc,True,160,False|1||0|6%0%Detail%False%False%0%4%0&0&4#8%4%JudgeOnly%False%False%4%2.285714%20&-3&0#-3%2%Detail%False%False%-16%32%90&5&0#-2%0%Detail%True%False%0%4%90&0&4#8%4%JudgeOnly%False%False%32%4%20&-3&0#8%4%Detail%True%False%0%4%20&-3&0,
F_Arc,True,164,True|1||0|6%0%Detail%False%False%0%4%0&0&4#8%4%JudgeOnly%False%False%4%2.285714%20&-3&0#-3%2%Detail%False%False%-16%32%90&5&0#-2%0%Detail%True%False%0%4%90&0&4#8%4%JudgeOnly%False%False%32%4%20&-3&0#8%4%Detail%True%False%0%4%20&-3&0,
F_Arc,True,168,False|1||0|6%0%Detail%False%False%0%4%0&0&4#8%4%JudgeOnly%False%False%4%2.285714%20&-3&0#-3%2%Detail%False%False%-16%32%90&5&0#-2%0%Detail%True%False%0%4%90&0&4#8%4%JudgeOnly%False%False%32%4%20&-3&0#8%4%Detail%True%False%0%4%20&-3&0,
F_Arc,True,172,True|1||0|6%0%Detail%False%False%0%4%0&0&4#8%4%JudgeOnly%False%False%4%2.285714%20&-3&0#-3%2%Detail%False%False%-16%32%90&5&0#-2%0%Detail%True%False%0%4%90&0&4#8%4%JudgeOnly%False%False%32%4%20&-3&0#8%4%Detail%True%False%0%4%20&-3&0,
F_General,True,160,P_SideShake(True&-0.5~1~-1~1&0.5&4&OutQuad#False|0%_None%-5%2.666667%1%0#2%Normal%-7%4%1%0#0%_None%-7%4%0%0#4%_None%-5%4%1%0#8%_None%0%2.666667%1%0#8%_None%5%2.666667%1%0#2%Normal%7%4%1%0#8%_None%4%4%1%0#8%_None%4%4%1%0#8%_None%4%4%1%0#0%_None%4%4%0%0#8%_None%-5%2.666667%1%0#2%Normal%-7%2.666667%1%0#0%_None%5%2.666667%0%0#2%_None%5%2.666667%1%0#2%Normal%7%2.666667%1%0#8%_None%4%2.666667%1%0#8%_None%5.5%2.666667%1%0#8%_None%2.5%2.666667%1%0|False|1,
F_Arc,True,176,False|1||0|-2%0%Detail%False%False%0%4%0&0&4#8%4%JudgeOnly%False%True%4%2.285714%20&-3&0#8%2%Detail%False%True%-16%16%90&-4&0#8%0%Detail%True%False%0%4%90&0&-4#8%4%JudgeOnly%False%True%16%4%20&-3&0#0%4%Detail%True%False%0%4%-20&-3&0,
F_Arc,True,180,True|1||0|-2%0%Detail%False%False%0%4%0&0&4#8%4%JudgeOnly%False%True%4%2.285714%20&-3&0#8%2%Detail%False%True%-16%16%90&-4&0#8%0%Detail%True%False%0%4%90&0&-4#8%4%JudgeOnly%False%True%16%4%20&-3&0#0%4%Detail%True%False%0%4%-20&-3&0,
F_Arc,True,184,True|1||0|-6%0%Detail%False%False%0%4%0&0&4#8%4%JudgeOnly%False%True%4%2.285714%20&-3&0#5%2%Detail%False%True%-16%16%90&-4&0#5%0%Detail%True%False%0%4%90&0&-4#8%4%JudgeOnly%False%True%16%4%20&-3&0#-2%4%Detail%True%False%0%4%-20&-3&0,
F_Arc,True,188,False|1||0|-6%0%Detail%False%False%0%4%0&0&4#8%4%JudgeOnly%False%True%4%2.285714%20&-3&0#5%2%Detail%False%True%-16%16%90&-4&0#5%0%Detail%True%False%0%4%90&0&-4#8%4%JudgeOnly%False%True%16%4%20&-3&0#-2%4%Detail%True%False%0%4%-20&-3&0,
F_General,True,176,P_SideShake(True&0.5~-1~1~-1&0.5&4&OutQuad#False|0%Slide%-6%4%1%0#2%Normal%-3%4%1%0#4%_None%5%4%1%0#8%_None%5%2.666667%1%0#0%_None%-7%4%0%0#8%Slide%6%4%1%0#2%Normal%3%4%1%0#8%_None%4%4%1%0#8%_None%-5%4%1%0#8%_None%-6%4%1%0#0%_None%4%4%0%0#8%_None%5%4%1%0#2%Normal%-7%2.666667%1%0#0%_None%5%2.666667%0%0#2%_None%-5%4%1%0#2%Normal%7%2.666667%1%0#8%_None%6%2.666667%1%0#8%_None%-5%2.666667%1%0#8%_None%-6%2.666667%1%0|False|1,
F_Label,True,192,BuildUp|1-1,
F_LineDrop,True,192,False|29|2|0.1|0.25|270|True|1,
F_LoopDelay,True,192,0|8|1|F_Circle(False#0%4#0&0~3&2~9~Default~4&0.2~0~Default~4&0.2~0~Default~4%0&0~3&4~11~Default~4&0.1~0~Default~4&0.3~0~Default~4%4&-5~0&2~9~Default~4&0.2~0~Default~4&0.2~0~Default~4%0&-5~0&4~11~Default~4&0.1~0~Default~4&0.3~0~Default~4%4&0~-3&2~9~Default~4&0.2~0~Default~4&0.2~0~Default~4%0&0~-3&4~11~Default~4&0.1~0~Default~4&0.3~0~Default~4%4&5~0&2~9~Default~4&0.2~0~Default~4&0.2~0~Default~4%0&5~0&4~11~Default~4&0.1~0~Default~4&0.3~0~Default~4,
F_LoopDelay,True,192,"0|8|1|F_ItemMove(False#四弦ライン#Line#1#False#False#1#True#0%4#False#0#0%0#0&True&-6~0&&90&&0.1&0.5""0""Default~0.1""4""Default%0&True&-2~0&&90&&0.1&0.1""4""None~0.5""0""Default~0.1""4""Default%0&True&2~0&&90&&0.1&0.1""2""None~0.5""0""Default~0.1""4""Default%0&True&6~0&&90&&0.1&0.1""1.333333""None~0.5""0""Default~0.1""4""Default#",
F_JudgeLine,True,192,False|1|4|4|32|4|0|0#0,
F_General,True,192,#False|0%Hold%6%2%0%0#2%Hold%0%2.666667%0%0#2.666667%Hold%6%4%0%0#4%Hold%0%1.6%0%0#2.666667%Normal%6%4%0%0#4%Normal%6%4%0%0#4%Normal%-4%4%0%0#0%Normal%4%4%0%0#4%Slide%-6%8%0%0#4%Slide%-6%8%0%0#4%Normal%6%8%0%0#8%Normal%6%8%0%0#4%Normal%0%8%0%0#4%Normal%2%8%0%0#4%Normal%-2%8%0%0#8%Slide%0%8%0%0#8%Slide%2%8%0%0|False|1,
F_General,True,208,#False|0%Hold%6%2%0%0#2%Hold%0%2.666667%0%0#2.666667%Hold%6%4%0%0#4%Hold%0%1.6%0%0#2.666667%Normal%6%4%0%0#4%Normal%6%4%0%0#4%Normal%-4%4%0%0#0%Normal%4%4%0%0#4%Normal%-6%8%0%0#4%Normal%0%8%0%0#4%Normal%6%8%0%0#4%Hold%0%2%0%0#2%Hold%4%2%0%0|True|1,
F_Label,True,224,BuildUp|1-2,
F_CameraShake,True,225,False|16|2|Vibration_Horizontal|0.2|8|OutQuad|100|True,
F_LoopDelay,True,225,0|3|0.5|F_CameraMove(False#True#True#0&False&0~0~0&True&0~0~3&False&OutQuad&2&Relative%0&True&-0.5~0~0&False&0~0~3&False&OutQuad&2&Relative%2&False&0~0~0&True&0~0~-3&False&InQuad&2&Relative%0&True&0.5~0~0&False&0~0~3&False&InQuad&2&Relative%2&False&0~0~0&True&0~0~-3&False&OutQuad&2&Relative%0&True&0.5~0~0&False&0~0~3&False&OutQuad&2&Relative%2&False&0~0~0&True&0~0~3&False&InQuad&2&Relative%0&True&-0.5~0~0&False&0~0~3&False&InQuad&2&Relative,
F_ItemMove,True,224,"False|背景ひし形ライン|Line|1|False|False|0.1666667|True|0#4|False|0|0#0|0%True%-6&0%-6""2~2~Default%90%45~2~Default%0.1%#0%True%-2&0%-6""-2~2~Default%90%135~2~Default%0.1%#0%True%2&0%6""2~2~Default%90%135~2~Default%0.1%#0%True%6&0%6""-2~2~Default%90%45~2~Default%0.1%|",
F_LoopDelay,True,225,"0|2|0.5|F_ItemMove(False#チラ見ホールド#HoldNote#8#False#False#2#True#0%4#False#0#0%0#0&True&-14~2&-10>2""4""Default~-14>2""4""InQuad&0&20""2""Default&0.6&%2&True&14~2&10>2""4""Default~14>2""4""InQuad&0&-10""2""Default&0.6&%2&True&-14~-3&-10>-3""4""Default~-14>-3""4""InQuad&0&-10""2""Default&0.6&%2&True&14~-3&10>-3""4""Default~14>-3""4""InQuad&0&20""2""Default&0.6&#",
F_JudgeLine,True,224,False|1|4|4|17|4|0|0#0,
F_General,True,224,P_Curve(False&0&30&OutQuad#True|4%Normal%-6%4%0%0#2%Normal%6%4%0%0#2%Normal%-6%4%0%0#2%Normal%6%4%0%0#2%Normal%-6%4%0%0#2%Normal%6%4%0%0#2%Normal%-6%4%0%0#2%Normal%6%4%0%0|False|1,
F_SimpleArc,True,224,False|1|0%3&0%4%False%True%False%30%2#2%-3&0%4%False%True%False%30%2#2%1&-2%4%False%True%False%30%2#2%-1&2%4%False%True%False%30%2#2%2&6%4%False%True%False%30%2#2%-2&-6%4%False%True%False%30%2#2%0&4%4%False%True%False%30%2#2%0&-4%4%False%True%False%30%2,
F_ItemMove,True,240,False|判定線|Line|1|False|False|0.25|False|0#0|False|0|0#0|0%True%0&0%%0%3~2~OutQuad&0~2~InQuad&-3~2~OutQuad&0~2~InQuad%0.7%0~0.5~None&0~0.5~InQuad#0%True%0&0%%0%-3~2~OutQuad&0~2~InQuad&3~2~OutQuad&0~2~InQuad%0.7%0~0.5~None&0~0.5~InQuad|,
F_General,True,240,P_2ShakeLoop(3&1&2&0&OutQuad#False|0%Normal%6%4%1%0#0%Normal%2%4%0%0#4%Normal%0%4%1%0#0%Normal%-4%4%0%0#4%Normal%3%4%1%0#0%Normal%-1%4%0%0#4%Normal%-6%4%1%0#0%Normal%-2%4%0%0#4%Normal%-2%4%1%0#0%Normal%2%4%0%0#4%Normal%-3.5%4%1%0#0%Normal%3.5%4%0%0#4%Normal%-5%4%1%0#0%Normal%5%4%0%0#4%Normal%-6.5%4%0%0#0%Normal%6.5%4%0%0|False|1,
F_LoopDelay,True,248,"0|32|16|F_ItemMove(False#加速ライン#Line#1#False#False#8#True#0%4#False#0#0%0#0&True&0~8&0>-4""8""InQuad&0&&0.2&#",
F_ItemMove_Advanced,True,248,False|背景ひし形ライン回転|Line|1|False|False|0.5|True|0#4|0#0|0%True%-6&2%%45%%0.1%%0%1440~0.5~InQuad#0%True%-6&-2%%135%%0.1%%0%1440~0.5~InQuad#0%True%6&2%%135%%0.1%%0%1440~0.5~InQuad#0%True%6&-2%%45%%0.1%%0%1440~0.5~InQuad|,
F_General,True,248,P_AccelerateHold(False&2&InQuad&1#True|0%Hold%-3%0.5%3%3#0%Hold%3%0.5%3%3|False|1,
F_Label,True,256,Verse|2,
F_ItemMove,True,256,"False|ラインエフェクト|Line|1|False|False|1|False|0#0|True|0|0#4|0%True%0&0%2""2~1~Default%-45%%0.5%0~2~Default#0%True%1&1%6""6~1~Default%-45%%0.3%0~1~Default#0%True%2&2%9""9~1~Default%-45%%0.2%0~2~None&0~4~Default#0%True%0&0%4""4~1~Default%-45%%0.7%0~2~None&0~2~Default#0%True%3&3%10""10~1~Default%-45%%0.5%0~2~None&0~2~Default|",
F_ItemMove,True,256,"False|ラインエフェクト|Line|1|False|False|1|False|0#0|True|180|0#4|0%True%0&0%2""2~1~Default%-45%%0.5%0~2~Default#0%True%1&1%6""6~1~Default%-45%%0.3%0~1~Default#0%True%2&2%9""9~1~Default%-45%%0.2%0~2~None&0~4~Default#0%True%0&0%4""4~1~Default%-45%%0.7%0~2~None&0~2~Default#0%True%3&3%10""10~1~Default%-45%%0.5%0~2~None&0~2~Default|",
F_ItemMove,True,256,False|回転ライン|Line|4|False|False|0.125|True|0#4|False|0|0#0|0%True%0&0%%45%225~0.125~Linear%0%0.1~1~Default&0~0.1666667~None&0~1~Default#0%True%0&0%%135%315~0.125~Linear%0%0.1~1~Default&0~0.1666667~None&0~1~Default|,
F_JudgeLine,True,271,False|0.5|4|4|17|1|0|0#0,
F_ItemMove,False,272,False|クロスライン|Line|1|False|False|2|True|0#0|False|0|0#0|0%True%-4&0%%-45%%0.2%0~2~InQuad#0%True%-4&0%%45%%0.2%0~2~InQuad#1%True%4&0%%45%%0.2%0~2~InQuad#0%True%4&0%%-45%%0.2%0~2~InQuad#1%True%-4&0%%-45%%0.2%0~2~InQuad#0%True%-4&0%%45%%0.2%0~2~InQuad#1%True%4&0%%-45%%0.2%0~2~InQuad#0%True%4&0%%45%%0.2%0~2~InQuad|,
F_LoopDelay,True,272,"8|13|4|F_ItemMove(False#判定線エフェクト#Line#1#False#False#2#True#0%0#False#0#0%0#0&True&0~0&0>-1""2""Linear&0&&0.5&0""2""Linear#",
F_General,True,272,#True|0%Normal%-4%2%0%0#8%Slide%-3%2%0%0#8%Slide%-4%2%0%0#8%Slide%-3%2%0%0#8%_None%4%2%0%0#2%Normal%4%2%0%0#8%Slide%3%2%0%0#8%Slide%4%2%0%0#8%Slide%3%2%0%0#8%_None%4%2%0%0#2%Normal%0%2%0%0#8%Slide%-2%2%0%0#8%Slide%-1%2%0%0#8%Slide%-3%2%0%0#4%Slide%-6%2%0%0#8%_None%4%2%0%0#4%Slide%0%2%0%0#4%Slide%3%2%0%0#4%Slide%1.5%2%0%0#4%Slide%4.5%2%0%0|False|0.8,
F_Label,True,288,BuildUp|2-1,
F_General,True,288,P_Lanota(3~-0.5&-50~25&14#True|0%Hold%0%1.333333%1%180#2%_None%4%4%1%180#2.666667%Hold%-2%8%1%180#4%Hold%2%1%1%180#0.8888889%Normal%0%4%1%180#4%Normal%0%2.666667%1%180#4%Normal%3%4%1%180#8%Slide%1%4%1%180#4%Hold%0%4%1%180#4%Hold%4%4%1%180#2%_None%0%4%1%180#8%Hold%0%1.333333%-1%180#2%_None%-2%4%-1%180#2.666667%Hold%4%8%-1%180#4%Hold%2%1%-1%180#0.8888889%Normal%-2%8%-1%180#4%Slide%0%8%-1%180#4%Slide%2%8%-1%180#4%Hold%-2%2.666667%-1%180#2%Hold%2%2.666667%-1%180|False|1,
F_LoopDelay,True,286,"0|134|16|F_ItemMove_Advanced(False#Lanotaライン#Line#2#False#False#2#False#3%13.5#0%0#0&True&0~14&&0&&0.2&&60&420""2""Linear#",
F_Circle,True,286,False|3#13.5|0%0&0%14&14&Default&0%0&0.1&Default&2%0&0.1&Default&2#2%0&0%14&14&Default&0%0.1&0.1&Default&0.1290323%0.2&0.1&Default&0#0.1290323%0&0%14&14&Default&0%0.1&0&Default&2%0.1&0&Default&2,
F_Label,True,320,BuildUp|2-2,
F_LoopDelay,True,320,"0|8|4|F_ItemMove(False#壁からライン#Line#1#False#False#4#True#0%4#False#0#0%0#0&True&12~0&0>0""4""Default&40&90""4""Default&0.3&0""4""InQuad%0&True&12~0&0>0""4""Default&-40&-90""4""Default&0.3&0""4""InQuad#",
F_LoopDelay,True,328,"0|8|4|F_ItemMove(True#壁からライン#Line#1#False#False#4#True#0%4#False#0#0%0#0&True&12~0&0>0""4""Default&40&90""4""Default&0.3&0""4""InQuad%0&True&12~0&0>0""4""Default&-40&-90""4""Default&0.3&0""4""InQuad#",
F_CameraShake,True,320,False|8|4|Horizontal|-0.2|4|OutQuad|100|True,
F_CameraShake,True,328,False|8|4|Horizontal|0.2|4|OutQuad|100|True,
F_CameraShake,True,336,False|8|4|Vertical|0.3|4|OutQuad|100|True,
F_JudgeLine,True,320,False|1|4|4|32|4|0|0#0,
F_General,True,320,P_SideMove(False&1.066667&4&OutQuad#True|0%Hold%6%0.5%4%1#4%Hold%-4%16%-4%-1#4%Hold%-4%16%-4%-1#4%Hold%-4%16%-4%-1#4%Hold%0%16%-4%-1#4%Hold%0%16%-4%-1#4%Hold%0%16%-4%-1#4%Hold%0%16%-4%-1#4%Hold%-6%0.5%4%1#4%Hold%4%16%-2%1#4%Hold%4%16%-4%-1#4%Hold%4%16%-4%-1#4%Hold%0%16%-4%-1#4%Hold%0%16%-4%-1#4%Hold%0%16%-4%-1#4%Hold%0%16%-4%-1|False|1,
F_LoopDelay,True,336,"0|23|8|F_ItemMove(False#壁からライン#Line#1#False#False#4#True#0%4#False#0#0%0#0&True&12~0&0>0""4""Default&90&&0.2&0""4""Linear#",
F_LoopDelay,True,336,"0|23|8|F_ItemMove(True#壁からライン#Line#1#False#False#4#True#0%4#False#0#0%0#0&True&12~0&0>0""4""Default&90&&0.2&0""4""Linear#",
F_General,True,336,#True|0%Normal%6%4%0%0#8%Normal%1%4%0%0#8%Normal%4%4%0%0#8%Normal%-1%4%0%0#8%Normal%2%4%0%0#8%Normal%-3%4%0%0#8%Hold%0%5.333333%0%0#0%_None%-2%4%0%0#4%Normal%-6%4%0%0#8%Normal%-1%4%0%0#8%Normal%-4%4%0%0#8%Normal%1%4%0%0#8%Normal%-2%4%0%0#8%Normal%3%4%0%0#8%Hold%0%5.333333%0%0|False|1,
F_General,True,344,#False|0%Slide%0%4%0%0#16%Slide%-2.5%4%0%0#16%Slide%-5%4%0%0#16%Slide%-2.5%4%0%0#16%Slide%0%4%0%0#16%Slide%2.5%4%0%0#16%Slide%5%4%0%0#16%Slide%2.5%4%0%0#16%Slide%0%4%0%0#16%Slide%-2.5%4%0%0#16%Slide%-5%4%0%0#16%Slide%-2.5%4%0%0#16%Slide%0%4%0%0#16%Slide%2.5%4%0%0#16%Slide%5%4%0%0#16%Slide%2.5%4%0%0#16%Slide%0%4%0%0#4%Normal%0%4%0%0#4%Normal%0%4%0%0#8%Slide%1.5%4%0%0#8%Slide%-2%4%0%0|False|1,
F_ItemMove,True,348,False|コツコツスライド|SlideNote|1|False|False|4|True|0#4|False|0|0#0|0%True%-8&0%%-60%-90~8~OutBack%1%#4%True%8&0%%-60%-90~8~OutBack%1%|,
F_ItemMove,True,350,"False|3>4>5ライン|Line|1|False|False|4|True|0#4|False|0|0#0|0%True%0&-2%0""-3~8~Default%0%%0.2%0~4~Default#0%True%-2&0%-3""0~8~Default%60%%0.2%0~4~Default#0%True%2&0%3""0~8~Default%-60%%0.2%0~4~Default#8%True%-7&0%-8""0~8~Default%-45%%0.2%0~4~Default#0%True%7&0%8""0~8~Default%-45%%0.2%0~4~Default#0%True%7&0%8""0~8~Default%45%%0.2%0~4~Default#0%True%-7&0%-8""0~8~Default%45%%0.2%0~4~Default#8%True%0&-3%0""-4~8~Default%0%%0.2%0~4~Default#0%True%5&1%6""1~8~Default%72%%0.2%0~4~Default#0%True%-5&1%-6""1~8~Default%-72%%0.2%0~4~Default#0%True%6&1%7""1~8~Default%144%%0.2%0~4~Default#0%True%-6&1%-7""1~8~Default%-144%%0.2%0~4~Default|",
F_Label,True,352,Drop|2,
F_CameraShake,True,352,False|3|2.666667|Vertical|0.3|2.666667|OutQuad|100|True,
F_ItemMove,True,352,"False|ランダムライン|Line|1|False|False|0.25|True|0#4|False|0|0#0|0%True%6&3%3""-6~0.25~Default%23%-44~0.25~Default%0.4%0~2.666667~Default&0.4~0~Default&0~2.666667~Default&0.4~0~Default&0~4~Default&0.2~0~Default&0~1~InQuart&0.4~0~Default&0~2.666667~Default&0.4~0~Default&0~2.666667~Default&0.4~0~Default&0~4~Default&0.4~0~Default&0~1~Default#0%True%12&-5%0""4~0.25~Default%-40%80~0.25~Default%0.4%0~2.666667~Default&0.4~0~Default&0~2.666667~Default&0.4~0~Default&0~4~Default&0.2~0~Default&0~1~InQuart&0.4~0~Default&0~2.666667~Default&0.4~0~Default&0~2.666667~Default&0.4~0~Default&0~4~Default&0.4~0~Default&0~1~Default#0%True%-4&-7%7""-3~0.25~Default%71%41~0.25~Default%0.4%0~2.666667~Default&0.4~0~Default&0~2.666667~Default&0.4~0~Default&0~4~Default&0.2~0~Default&0~1~InQuart&0.4~0~Default&0~2.666667~Default&0.4~0~Default&0~2.666667~Default&0.4~0~Default&0~4~Default&0.4~0~Default&0~1~Default#0%True%-1&5%-4""1~0.25~Default%89%72~0.25~Default%0.4%0~2.666667~Default&0.4~0~Default&0~2.666667~Default&0.4~0~Default&0~4~Default&0.2~0~Default&0~1~InQuart&0.4~0~Default&0~2.666667~Default&0.4~0~Default&0~2.666667~Default&0.4~0~Default&0~4~Default&0.4~0~Default&0~1~Default#0%True%2&-7%-9""-3~0.25~Default%28%-86~0.25~Default%0.4%0~2.666667~Default&0.4~0~Default&0~2.666667~Default&0.4~0~Default&0~4~Default&0.2~0~Default&0~1~InQuart&0.4~0~Default&0~2.666667~Default&0.4~0~Default&0~2.666667~Default&0.4~0~Default&0~4~Default&0.4~0~Default&0~1~Default|",
F_JudgeLine,True,352,False|1|4|4|48|4|0|0#0,
F_General,True,352,#False|0%Hold%5%4%0%0#2.666667%Hold%5%4%0%0#2.666667%Hold%5%0.8%0%0|False|1,
F_Reverse,True,362,False|1|False|2|2|0.5|2|P_Appear(True&0.5%P_AccelerateHold(False&2&InQuad&1#False|False|0%Hold%-5%4%0%1#2.666667%Hold%-1%4%0%1#2.666667%Hold%-5%2%0%3|0,
F_ItemMove,True,364,False|フェイクスライド|SlideNote|1|False|False|2|True|-5#0|False|0|0#0|0%True%0&1.5%%0%%1%0~4~None&0~0~End#0%True%0&3%%0%%1%0~3.764706~None&0~0~End#0%True%0&4.5%%0%%1%0~3.555556~None&0~0~End#0%True%0&6%%0%%1%0~3.368421~None&0~0~End#0%True%0&7.5%%0%%1%0~3.2~None&0~0~End#0%True%0&9%%0%%1%0~3.047619~None&0~0~End#0%True%0&10.5%%0%%1%0~2.909091~None&0~0~End#0%True%0&12%%0%%1%0~2.782609~None&0~0~End|,
F_JudgeCreateAdvanced,True,364,False|Slide|True|-5#0|0|4%0&1.5%0%1#64%0&3%0%1#64%0&4.5%0%1#64%0&6%0%1#64%0&7.5%0%1#64%0&9%0%1#64%0&10.5%0%1#64%0&12%0%1,
F_CameraShake,True,360,False|3|2.666667|Vertical|-0.3|2.666667|OutQuad|100|True,
F_Reverse,True,373,False|1|False|0|4|0.5|2|P_SideMove(True&0&4&OutQuart#False|False|0%Hold%5%4%5.5%1#2.666667%Hold%1%4%1%1#2.666667%Hold%3%4%5%3#4%Hold%-1%2%5%3|0,
F_ItemMove,True,366,False||HoldNote|4|False|False|10.66667|True|0#4|False|0|0#0|0%True%4&0%%20%%1%0~32~None&0~0~Default&0~32~None&1~32~Default#8%True%6&2%%-30%%1%0~32~None&0~0~Default&0~32~None&1~32~Default|,
F_ItemMove,True,366,False||Line|1|False|False|2|True|-2#4|False|0|0#0|0%True%5&0%%60%%0.05%0~4~None&0.2~0~Default&0~4~Default#0%True%7&-2%%-30%%0.05%0~4~None&0.2~0~Default&0~4~Default#8%True%8&3%%20%%0.05%0~8~None&0.2~0~Default&0~4~Default#0%True%4&-4%%70%%0.05%0~8~None&0.2~0~Default&0~4~Default#8%True%5&-4%%50%%0.2%0~4~Default#0%True%4&5%%-13%%0.2%0~4~Default#0%True%4&3%%-80%%0.2%0~4~Default|,
F_CameraShake,True,368,False|3|2.666667|Vertical|0.3|2.666667|OutQuad|100|True,
F_CameraShake,True,372,False|1|1|Vertical|0.5|2|OutQuad|100|True,
F_CameraShake,True,376,False|3|2.666667|Vertical|0.3|2.666667|OutQuad|100|True,
F_CameraShake,True,380,False|1|1|Vertical|0.5|2|OutQuad|100|True,
F_ItemMove,True,368,"False|ランダムライン|Line|1|False|False|0.25|True|0#4|False|0|0#0|0%True%7&-7%10""1~0.25~Default%5%-91~0.25~Default%0.4%0~2.666667~Default&0.4~0~Default&0~2.666667~Default&0.4~0~Default&0~4~Default&0.4~0~Default&0~1~Default&0.4~0~Default&0~2.666667~Default&0.4~0~Default&0~2.666667~Default&0.4~0~Default&0~4~Default&0.4~0~Default&0~1~Default#0%True%-9&8%-7""-11~0.25~Default%-43%-112~0.25~Default%0.5%0~2.666667~Default&0.5~0~Default&0~2.666667~Default&0.5~0~Default&0~4~Default&0.4~0~Default&0~1~Default&0.5~0~Default&0~2.666667~Default&0.5~0~Default&0~2.666667~Default&0.5~0~Default&0~4~Default&0.4~0~Default&0~1~Default#0%True%1&-4%-7""2~0.25~Default%31%-18~0.25~Default%0.5%0~2.666667~Default&0.5~0~Default&0~2.666667~Default&0.5~0~Default&0~4~Default&0.4~0~Default&0~1~Default&0.5~0~Default&0~2.666667~Default&0.5~0~Default&0~2.666667~Default&0.5~0~Default&0~4~Default&0.4~0~Default&0~1~Default#0%True%-8&13%9""-5~0.25~Default%12%-52~0.25~Default%0.5%0~2.666667~Default&0.5~0~Default&0~2.666667~Default&0.5~0~Default&0~4~Default&0.4~0~Default&0~1~Default&0.5~0~Default&0~2.666667~Default&0.5~0~Default&0~2.666667~Default&0.5~0~Default&0~4~Default&0.4~0~Default&0~1~Default|",
F_General,True,374,P_Curve(False&0&20&OutQuad#False|0%Normal%6%2.666667%-20%0#24%Slide%3%2.666667%-20%0#24%Slide%3%2.666667%-20%0#24%Slide%0%2.666667%-20%0#8%Normal%-6%2.666667%0%0#24%Slide%-3%2.666667%0%0#24%Slide%-3%2.666667%0%0#24%Slide%0%2.666667%0%0#0%_None%-3%2.666667%0%0#8%Hold%4%2.666667%0%0#2.666667%Hold%-4%2.666667%0%0#2.666667%Hold%6%4%0%0#4%Hold%-6%2.666667%0%0#2%Normal%4%4%0%0#8%Slide%0%4%-20%0#8%Slide%2%4%0%0#8%Slide%-2%4%-20%0|False|1,
F_CameraShake,True,384,False|3|2.666667|Vertical|0.3|2.666667|OutQuad|100|True,
F_CameraShake,True,388,False|1|1|Vertical|0.5|2|OutQuad|100|True,
F_CameraShake,True,392,False|4|2|Vertical|0.3|2|InQuad|100|True,
F_General,True,384,P_Curve(False&0&20&OutQuad#False|0%Hold%-6%4%0%0#2.666667%Hold%-2%4%0%0#2.666667%Hold%-4%8%0%0#4%Hold%0%2.666667%0%0#0%_None%0%4%0%0#2%Normal%6%4%-20%0#24%Slide%1%4%-20%0#24%Slide%3%4%-20%0#24%Slide%-2%4%-20%0#8%Normal%-6%4%0%0#24%Slide%-1%4%0%0#24%Slide%-3%4%0%0#24%Slide%2%4%0%0#0%_None%0%4%0%0#8%_None%-7%2.666667%0%0#0%_None%7%2.666667%-30%0#2%_None%-5%2.666667%0%0#0%_None%5%2.666667%-30%0#2%_None%-3%2.666667%0%0#0%_None%3%2.666667%-30%0#2%Slide%-6%2.666667%20%0#8%Slide%-4%2.666667%30%0#8%Slide%-2%2.666667%40%0#8%Slide%0%2.666667%50%0|False|1,
F_SimpleArc,True,392,False|1|0%7&0%2%False%True%True%20%4#2%-6&0%2%False%True%True%20%4#2%5&0%2%False%True%True%20%4,
F_ItemMove,True,384,"False|ランダムライン|Line|1|False|False|0.25|True|0#4|False|0|0#0|0%True%-5&4%-4""-1~0.25~Default%-34%123~0.25~Default%0.4%0~2.666667~Default&0.4~0~Default&0~2.666667~Default&0.4~0~Default&0~4~Default&0.4~0~Default&0~1~Default&0.4~0~Default&0~2~Default&0.4~0~Default&0~2~Default&0.4~0~Default&0~2~Default&0.4~0~Default&0~2~Default#0%True%7&4%-8""3~0.25~Default%76%146~0.25~Default%0.4%0~2.666667~Default&0.4~0~Default&0~2.666667~Default&0.4~0~Default&0~4~Default&0.4~0~Default&0~1~Default&0.4~0~Default&0~2~Default&0.4~0~Default&0~2~Default&0.4~0~Default&0~2~Default&0.4~0~Default&0~2~Default#0%True%1&4%6""-7~0.25~Default%36%79~0.25~Default%0.4%0~2.666667~Default&0.4~0~Default&0~2.666667~Default&0.4~0~Default&0~4~Default&0.4~0~Default&0~1~Default&0.4~0~Default&0~2~Default&0.4~0~Default&0~2~Default&0.4~0~Default&0~2~Default&0.4~0~Default&0~2~Default#0%True%-6&4%2""6~0.25~Default%91%56~0.25~Default%0.4%0~2.666667~Default&0.4~0~Default&0~2.666667~Default&0.4~0~Default&0~4~Default&0.4~0~Default&0~1~Default&0.4~0~Default&0~2~Default&0.4~0~Default&0~2~Default&0.4~0~Default&0~2~Default&0.4~0~Default&0~2~Default|",
F_Label,True,400,Drop|3-1,
F_LoopDelay,True,400,"0|4|1|F_ItemMove(False##Line#1#False#False#1#True#0%4#False#0#0%0#0&True&0~-12&0>12""1""Linear&30&-300""2""None~210""2""Default&0.1&%2&True&0~-12&0>12""1""Linear&30&&0.1&#",
F_LoopDelay,True,416,"0|4|1|F_ItemMove(True##Line#1#False#False#1#True#0%4#False#0#0%0#0&True&0~-12&0>12""1""Linear&30&-300""2""None~210""2""Default&0.1&%2&True&0~-12&0>12""1""Linear&30&&0.1&#",
F_LoopDelay,True,404,"0|8|16|F_ItemMove_Advanced(False#ラインエフェクト#Line#1#False#False#0.5#False#6%1#-6%4#0&True&-20~0&10>0""2""Default&-45&&0&0.05""2""Linear~0.2""2""Linear&-90&225""1""Default#",
F_LoopDelay,True,420,"0|8|16|F_ItemMove_Advanced(True#ラインエフェクト#Line#1#False#False#0.5#False#6%1#-6%4#0&True&-20~0&10>0""2""Default&-45&&0&0.05""2""Linear~0.2""2""Linear&-90&225""1""Default#",
F_LoopDelay,True,400,0|4|1|F_CameraMove(False#True#True#0&True&0~-0.5~0&False&0~0~0&False&InQuad&2&Relative%0&False&0~0.5~0&True&0~0~-5&False&InQuad&2&Relative%2&True&0~0.5~0&False&0~0~0&False&OutQuart&2&Relative%0&False&0~0.5~0&True&0~0~5&False&OutQuart&2&Relative,
F_JudgeLine,True,399,False|1|4|4|33|4|0|0#0,
F_JudgeLine,True,399,False|1|4|4|33|4|0|0#8,
F_General,True,400,P_Speed(False&False&1&InCubic&0.6666667%P_Direction(False&180#False|0%Slide%6%4%1%0#2%Normal%6%4%1%0#1%Normal%-5%4%0.6%180#1%Normal%-5%4%0.6%180#1%Normal%-5%4%0.6%180|False|1,
F_Arc,True,400,False|1||0|0%0%Detail%False%True%0%4%-60&0&5#-6%6.4%JudgeOnly%False%False%4%2%0&0&0#-6%2%Detail%False%False%0%4%0&-5&0#-8%32%Linear%True%False%0%4%0&0&0#-4%32%Linear%True%False%0%4%0&0&0#-6%32%Linear%True%False%0%4%0&0&0#-6%6.4%Linear%False%False%0%4%0&0&0#-6%4%Linear%False%False%0%4%0&0&0#-6%4%Linear%False%False%0%4%0&0&0#-6%4%Linear%False%False%0%4%0&0&0#-8%32%Linear%True%False%0%4%0&0&0#-4%32%Linear%True%False%0%4%0&0&0#-6%32%Linear%True%False%0%4%0&0&0#-6%6.4%Linear%False%False%0%4%0&0&0#-6%4%Linear%False%False%0%4%0&0&0#-6%4%Linear%False%False%0%4%0&0&0#-6%4%Linear%False%False%0%4%0&0&0#-8%32%Linear%True%False%0%4%0&0&0#-4%32%Linear%True%False%0%4%0&0&0#-6%32%Linear%True%False%0%4%0&0&0#-6%6.4%Linear%False%False%0%4%0&0&0#-6%4%Linear%False%False%0%4%0&0&0#-6%4%Linear%False%False%0%4%0&0&0#-6%4%Linear%False%False%0%4%0&0&0#-8%32%Linear%True%False%0%4%0&0&0#-4%32%Linear%True%False%0%4%0&0&0#-6%32%Linear%True%False%0%4%0&0&0#-6%6.4%Linear%False%False%0%4%0&0&0,
F_LoopDelay,True,402,0|4|1|F_Circle(False#5%8#0&0~0&2~6~Default~2&0.3~0~Default~2&0.2~0~Default~2%0&0~0&6~10~InQuad~2&0.5~0~Default~2&0.06~0.03~Default~2%0&0~0&0~18~OutQuad~2&0.3~0~Default~2&0.1~0~Default~2,
F_ItemMove,True,396,False|ライン回転入り|Line|1|False|False|0.6666667|False|5#8|False|0|0#0|0%True%0&0%%10%0~2~None&190~1~OutBack%0%0.2~2~None&0.2~1~Default#0%True%0&0%%-80%0~2~None&100~1~OutBack%0%0.2~2~None&0.7~1~Default|,
F_LoopDelay,True,400,"0|3|1|F_ItemMove(False#回転#Line#1#False#False#1#True#5%8#False#0#0%0#2&True&0~0&&10&190""1""OutBack&0.4&%0&True&0~0&&-80&100""1""OutBack&0.1&0.7""1""Default#",
F_ItemMove,True,412,False|回転抜き|Line|1|False|False|1|True|5#8|False|0|0#0|2%True%0&0%%10%190~1~OutBack%0.2%0~2~Default#0%True%0&0%%-80%100~1~OutBack%0.4%0~2~Default|,
F_LoopDelay,True,416,0|4|1|F_CameraMove(True#True#True#0&True&0~-0.5~0&False&0~0~0&False&InQuad&2&Relative%0&False&0~0.5~0&True&0~0~-5&False&InQuad&2&Relative%2&True&0~0.5~0&False&0~0~0&False&OutQuart&2&Relative%0&False&0~0.5~0&True&0~0~5&False&OutQuart&2&Relative,
F_General,True,416,P_Speed(False&False&1&InCubic&0.6666667%P_Direction(False&180#False|0%Slide%6%4%1%0#2%Normal%6%4%1%0#1%Normal%-5%4%0.6%180#1%Normal%-5%4%0.6%180#1%Normal%-5%4%0.6%180|True|1,
F_Arc,True,416,True|1||0|0%0%Detail%False%True%0%4%-60&0&5#-6%6.4%JudgeOnly%False%False%4%2%0&0&0#-6%2%Detail%False%False%0%4%0&-5&0#-8%32%Linear%True%False%0%4%0&0&0#-4%32%Linear%True%False%0%4%0&0&0#-6%32%Linear%True%False%0%4%0&0&0#-6%6.4%Linear%False%False%0%4%0&0&0#-6%4%Linear%False%False%0%4%0&0&0#-6%4%Linear%False%False%0%4%0&0&0#-6%4%Linear%False%False%0%4%0&0&0#-8%32%Linear%True%False%0%4%0&0&0#-4%32%Linear%True%False%0%4%0&0&0#-6%32%Linear%True%False%0%4%0&0&0#-6%6.4%Linear%False%False%0%4%0&0&0#-6%4%Linear%False%False%0%4%0&0&0#-6%4%Linear%False%False%0%4%0&0&0#-6%4%Linear%False%False%0%4%0&0&0#-8%32%Linear%True%False%0%4%0&0&0#-4%32%Linear%True%False%0%4%0&0&0#-6%32%Linear%True%False%0%4%0&0&0#-6%6.4%Linear%False%False%0%4%0&0&0#-6%4%Linear%False%False%0%4%0&0&0#-6%4%Linear%False%False%0%4%0&0&0#-6%4%Linear%False%False%0%4%0&0&0#-8%32%Linear%True%False%0%4%0&0&0#-4%32%Linear%True%False%0%4%0&0&0#-6%32%Linear%True%False%0%4%0&0&0#-6%6.4%Linear%False%False%0%4%0&0&0,
F_LoopDelay,True,418,0|4|1|F_Circle(True#5%8#0&0~0&2~6~Default~2&0.3~0~Default~2&0.2~0~Default~2%0&0~0&6~10~InQuad~2&0.5~0~Default~2&0.06~0.03~Default~2%0&0~0&0~18~OutQuad~2&0.3~0~Default~2&0.1~0~Default~2,
F_ItemMove,True,412,True|ライン回転入り|Line|1|False|False|0.6666667|False|5#8|False|0|0#0|0%True%0&0%%10%0~2~None&190~1~OutBack%0%0.2~2~None&0.2~1~Default#0%True%0&0%%-80%0~2~None&100~1~OutBack%0%0.2~2~None&0.7~1~Default|,
F_LoopDelay,True,416,"0|3|1|F_ItemMove(True#回転#Line#1#False#False#1#True#5%8#False#0#0%0#2&True&0~0&&10&190""1""OutBack&0.4&%0&True&0~0&&-80&100""1""OutBack&0.1&0.7""1""Default#",
F_ItemMove,True,428,True|回転抜き|Line|1|False|False|1|True|5#8|False|0|0#0|2%True%0&0%%10%190~1~OutBack%0.2%0~2~Default#0%True%0&0%%-80%100~1~OutBack%0.4%0~2~Default|,
F_Label,True,432,Drop|3-2,
F_LoopDelay,True,432,"0|4|0.5|F_ItemMove(False#上から叩き付けライン#Line#1#False#False#2#True#0%0#False#0#0%0#0&True&-8~12&-8>0""2""InQuad&20&0""2""InQuad&0.2&%2&True&-12~0&&0&20""2""OutCubic&0.2&0""2""Default%0&True&-12~0&&0&8""2""OutCubic&0.3&0""2""Default%0&True&-12~0&&0&36""2""OutCubic&0.1&0""2""Default#",
F_LoopDelay,True,432,"1|4|0.5|F_ItemMove(True#上から叩き付けライン#Line#1#False#False#2#True#0%0#False#0#0%0#0&True&-8~12&-8>0""2""InQuad&20&0""2""InQuad&0.2&%2&True&-12~0&&0&20""2""OutCubic&0.2&0""2""Default%0&True&-12~0&&0&8""2""OutCubic&0.3&0""2""Default%0&True&-12~0&&0&36""2""OutCubic&0.1&0""2""Default#",
F_LoopDelay,True,434,"0|8|1|F_ItemMove(False#六角回転ライン#Line#1#False#False#1#True#0%4#False#0#0%0#0&True&12~7&&45&225""1""OutQuart&0&0.3""2""Default~0""2""InQuad%0&True&12~7&&165&345""1""OutQuart&0&0.3""2""Default%0&True&12~7&&105&285""1""OutQuart&0&0.3""2""Default#",
F_LoopDelay,True,434,"0|8|1|F_ItemMove(False#六角回転ライン#Line#1#False#False#1#True#0%4#False#0#0%0#0&True&-12~-7&&45&225""1""OutQuart&0&0.15""2""Default~0""2""InQuad%0&True&-12~-7&&165&345""1""OutQuart&0&0.3""2""Default%0&True&-12~-7&&105&285""1""OutQuart&0&0.3""2""Default#",
F_CameraMove,True,432,False|True|True|0%True%0.2&0&0%False%0&0&0%False%Linear%0%Relative#8%True%-0.2&0&0%False%0&0&0%False%Linear%0%Relative#8%True%0.2&0&0%False%0&0&0%False%Linear%0%Relative#8%True%0.2&0&0%False%0&0&0%False%Linear%0%Relative#8%True%-0.2&0&0%False%0&0&0%False%Linear%0%Relative#8%True%-0.2&0&0%False%0&0&0%False%Linear%0%Relative#8%True%0.2&0&0%False%0&0&0%False%Linear%0%Relative#4%True%-0.2&0&0%False%0&0&0%False%Linear%0%Relative#8%True%-0.2&0&0%False%0&0&0%False%Linear%0%Relative#8%True%0.2&0&0%False%0&0&0%False%Linear%0%Relative#8%True%-0.2&0&0%False%0&0&0%False%Linear%0%Relative#8%True%0.2&0&0%False%0&0&0%False%Linear%0%Relative#8%True%0.2&0&0%False%0&0&0%False%Linear%0%Relative#8%True%0.2&0&0%False%0&0&0%False%Linear%0%Relative,
F_CameraMove,True,440,False|True|True|0%True%0.2&0&0%False%0&0&0%False%Linear%0%Relative#8%True%-0.2&0&0%False%0&0&0%False%Linear%0%Relative#8%True%0.2&0&0%False%0&0&0%False%Linear%0%Relative#8%True%0.2&0&0%False%0&0&0%False%Linear%0%Relative#8%True%-0.2&0&0%False%0&0&0%False%Linear%0%Relative#8%True%-0.2&0&0%False%0&0&0%False%Linear%0%Relative#8%True%0.2&0&0%False%0&0&0%False%Linear%0%Relative#4%True%-0.2&0&0%False%0&0&0%False%Linear%0%Relative#8%True%-0.2&0&0%False%0&0&0%False%Linear%0%Relative#8%True%0.2&0&0%False%0&0&0%False%Linear%0%Relative#8%True%0.2&0&0%False%0&0&0%False%Linear%0%Relative#8%True%-0.2&0&0%False%0&0&0%False%Linear%0%Relative#8%True%-0.2&0&0%False%0&0&0%False%Linear%0%Relative#8%True%-0.2&0&0%False%0&0&0%False%Linear%0%Relative,
F_JudgeLine,True,431,False|1|4|4|33|4|0|0#0,
F_General,True,432,#False|0%Hold%-4%2%0%0#2%Normal%1%4%0%0#4%Normal%-4%4%0%0#0%Normal%1%4%0%0#8%Normal%-4%4%0%0#0%Normal%1%4%0%0#4%Hold%4%1.142857%0%0#1.142857%Normal%0%1%0%0#4%Normal%3%1%0%0#4%Normal%6%1%0%0#4%Normal%-4%1%0%0#8%Slide%-2%1%0%0#4%Hold%0%8%0%0#4%Hold%4%8%0%0#4%Hold%-6%4%0%0#4%_None%2%4%0%0|False|1,
F_CameraMove,True,448,True|True|True|0%True%0.2&0&0%False%0&0&0%False%Linear%0%Relative#8%True%-0.2&0&0%False%0&0&0%False%Linear%0%Relative#8%True%0.2&0&0%False%0&0&0%False%Linear%0%Relative#8%True%0.2&0&0%False%0&0&0%False%Linear%0%Relative#8%True%-0.2&0&0%False%0&0&0%False%Linear%0%Relative#8%True%-0.2&0&0%False%0&0&0%False%Linear%0%Relative#8%True%0.2&0&0%False%0&0&0%False%Linear%0%Relative#4%True%-0.2&0&0%False%0&0&0%False%Linear%0%Relative#8%True%-0.2&0&0%False%0&0&0%False%Linear%0%Relative#8%True%0.2&0&0%False%0&0&0%False%Linear%0%Relative#8%True%-0.2&0&0%False%0&0&0%False%Linear%0%Relative#8%True%0.2&0&0%False%0&0&0%False%Linear%0%Relative#8%True%0.2&0&0%False%0&0&0%False%Linear%0%Relative#8%True%0.2&0&0%False%0&0&0%False%Linear%0%Relative,
F_CameraMove,True,456,True|True|True|0%True%0.2&0&0%False%0&0&0%False%Linear%0%Relative#8%True%-0.2&0&0%False%0&0&0%False%Linear%0%Relative#8%True%0.2&0&0%False%0&0&0%False%Linear%0%Relative#8%True%0.2&0&0%False%0&0&0%False%Linear%0%Relative#8%True%-0.2&0&0%False%0&0&0%False%Linear%0%Relative#8%True%-0.2&0&0%False%0&0&0%False%Linear%0%Relative#8%True%0.2&0&0%False%0&0&0%False%Linear%0%Relative#4%True%-0.2&0&0%False%0&0&0%False%Linear%0%Relative#8%True%-0.2&0&0%False%0&0&0%False%Linear%0%Relative#8%True%0.2&0&0%False%0&0&0%False%Linear%0%Relative#8%True%0.2&0&0%False%0&0&0%False%Linear%0%Relative#8%True%-0.2&0&0%False%0&0&0%False%Linear%0%Relative#8%True%-0.2&0&0%False%0&0&0%False%Linear%0%Relative#8%True%-0.2&0&0%False%0&0&0%False%Linear%0%Relative,
F_LoopDelay,True,456,"0|30|16|F_ItemMove(False#上がるライン#Line#1#False#False#8#True#0%4#False#0#0%0#0&True&0~8&0>-4""8""InQuad&0&&0.1&#",
F_General,True,448,#False|0%Normal%4%4%0%0#4%Slide%1%4%0%0#4%Slide%6%4%0%0#4%Slide%0%4%0%0#4%Normal%-4%1.333333%0%0#0%Normal%4%1%0%0#8%Normal%-4%1%0%0#0%Normal%4%1%0%0#4%Hold%-2%1.6%0%0#1.142857%Hold%4%8%0%0#4%Hold%3%8%0%0#4%Hold%2%8%0%0#4%Hold%-4%1%0%0|False|1,
F_Label,True,464,Drop|4-1,
F_LineDrop,True,464,False|16|1|0.2|0.25|270|True|1,
F_CameraShake,True,464,False|32|4|Vertical|0.3|4|OutQuad|1|True,
F_CameraMove,True,462,False|True|True|0%False%0&0&0%True%0&0&-2%False%Default%1%Relative,
F_LoopDelay,True,464,0|8|0.5|F_CameraMove(False#True#True#0&True&0~0.3~0&False&0~0~0&False&Default&1&Relative%2&False&0~-0.3~0&True&0~0~4&False&Default&2&Relative%2&True&0~-0.3~0&False&0~0~0&False&Default&1&Relative%2&False&0~-0.3~0&True&0~0~-4&False&Default&1&Relative,
F_LoopDelay,True,464,"0|31|4|F_ItemMove(False#横から背景ライン#Line#1#False#False#1#True#0%4#False#0#0%0#0&True&13~0&-13>0""1""InQuad&110&0""2""None~70""2""InQuad&0.3&0.1""1.333333""Default~0.3""4""InQuad#",
F_LoopDelay,False,464,"0|32|16|F_ItemMove_Advanced(False#遊び#Line#1#False#False#1#False#0%0#0%4#0&True&0~0&0>14""1""Default&0&&0&0.2""2""InQuad&0&540""2""Default~-540""2""InQuad#",
F_LoopDelay,True,464,0|16|2|F_Circle(False#0%0#0&-11~-3&0~12~Default~4&0.3~0~Default~4&0.4~0.2~Default~4%4&11~-3&0~12~Default~4&0.3~0~Default~4&0.4~0.2~Default~4,
F_JudgeLine,True,463,False|1|4|4|33|4|0|0#0,
F_Arc,True,464,True|1||0|-4%0%Detail%False%False%0%4%70&0&4#-6%4%JudgeOnly%False%False%4%2%-30&-3&0#4%2%Detail%False%True%0%12%0&-4&0#4%0%Detail%True%False%0%4%100&0&-5#-6%4%JudgeOnly%False%True%12%4%-30&-3&0#-6%4%Detail%False%False%0%4%-30&-3&0,
F_Arc,False,473,False|1||0|0%0%Detail%False%False%0%4%-70&0&2.5#-6%4%Detail%False%True%0%16%0&-2.5&0#-6%0%Detail%True%False%0%4%-100&0&-3#-6%4%JudgeOnly%False%True%16%4%-30&-3&0#2%4%Detail%False%False%0%4%30&-3&0,
F_General,True,464,#False|2%_None%0%4%0%0#8%_None%0%4%0%0#4%Normal%-6%4%0%0#4%Hold%-6%1.142857%0%0#8%_None%-6%1%0%0#4%_None%6%1%0%0#4%_None%0%1%0%0#4%Hold%6%4%0%0#4%Normal%2%2%0%0#4%Normal%6%4%0%0#0%Normal%2%2%0%0#4%_None%6%4%0%0#8%Hold%4%2%0%0#4%_None%4%4%0%0#4%Hold%-2%2%0%0#4%Normal%3%2%0%0#8%Slide%7%2%0%0#8%Slide%5%2%0%0|False|1,
F_General,False,464,#False|0%Hold%6%2%0%0#2%Hold%0%2.666667%0%0#2.666667%Hold%6%4%0%0#4%Hold%0%1.6%0%0#2.666667%Normal%6%4%0%0#4%Normal%6%4%0%0#4%Normal%-4%4%0%0#0%Normal%4%4%0%0#4%Slide%-6%8%0%0#4%Slide%-6%8%0%0#4%Normal%6%8%0%0#8%Normal%6%8%0%0#4%Normal%0%8%0%0#4%Normal%2%8%0%0#4%Normal%-2%8%0%0#8%Slide%0%8%0%0#8%Slide%2%8%0%0|False|1,
F_Arc,True,480,False|1||0|-6%0%Detail%False%False%0%4%70&0&4#-6%4%JudgeOnly%False%False%4%2%-30&-3&0#4%2%Detail%False%True%0%12%0&-4&0#4%0%Detail%True%False%0%4%100&0&-5#-6%4%JudgeOnly%False%True%12%4%-30&-3&0#-6%4%Detail%False%False%0%4%-30&-3&0,
F_General,True,480,#False|2%_None%0%4%0%0#8%_None%0%4%0%0#4%Normal%-6%4%0%0#4%Hold%-6%1.142857%0%0#8%_None%-6%1%0%0#4%_None%6%1%0%0#4%_None%0%1%0%0#4%Hold%6%4%0%0#4%Hold%2%4%0%0#4%Hold%6%4%0%0#4%Hold%2%4%0%0#4%Hold%6%2%0%0#2%Hold%-2%2%0%0|True|1,
F_Label,True,496,Drop|4-2,
F_LoopDelay,True,495,"0|31|4|F_ItemMove(True#横から背景ライン#Line#1#False#False#1#True#0%4#False#0#0%0#0&True&13~0&-13>0""1""InQuad&110&0""2""None~70""2""InQuad&0.2&0.05""1.333333""Default~0.2""4""InQuad#",
F_LoopDelay,True,496,"0|4|0.5|F_ItemMove(False#エフェクトライン#Line#1#False#False#4#True#0%4#False#0#0%0#0&True&12~0&6>0""4""Default&-60&&0.4&%4&True&6~0&11>0""4""Default&-60&&0.2&0""4""Default%0&True&6~0&1>0""4""Default&-60&&0.2&0""4""Default#",
F_LoopDelay,True,496,"2|4|0.5|F_ItemMove(False#エフェクトライン#Line#1#False#False#4#True#0%4#False#0#0%0#0&True&-12~0&-6>0""4""Default&-60&&0.4&%4&True&-6~0&-11>0""4""Default&-60&&0.2&0""4""Default%0&True&-6~0&-1>0""4""Default&-60&&0.2&0""4""Default#",
F_LoopDelay,True,496,"1|4|0.5|F_ItemMove(False#エフェクトライン#Line#1#False#False#4#True#0%4#False#0#0%0#0&True&12~0&6>0""4""Default&60&&0.4&%4&True&6~0&11>0""4""Default&60&&0.2&0""4""Default%0&True&6~0&1>0""4""Default&60&&0.2&0""4""Default#",
F_LoopDelay,True,496,"0.6666667|4|0.5|F_ItemMove(False#エフェクトライン#Line#1#False#False#4#True#0%4#False#0#0%0#0&True&-12~0&-6>0""4""Default&60&&0.4&%4&True&-6~0&-11>0""4""Default&60&&0.2&0""4""Default%0&True&-6~0&-1>0""4""Default&60&&0.2&0""4""Default#",
F_JudgeLine,True,495,False|1|4|4|33|4|0|0#0,
F_General,True,496,P_SideShake(True&0.5714286~2~2~2~2~2~2~2&0.5&2&OutQuad#False|0%Normal%-2%4%0%0#4%Normal%-4%4%0%0#0%Normal%4%4%0%0#4%Normal%2%4%0%0#4%Normal%-5%4%0%0#0%Normal%5%4%0%0#4%Normal%-2%4%0%0#4%Normal%-6%4%0%0#0%Normal%6%4%0%0#4%Normal%2%4%0%0#4%Normal%-7%4%0%0#0%Normal%7%4%0%0#4%Normal%-4%4%0%0#4%Normal%6%4%0%0#0%Normal%2%4%0%0#4%Normal%-1.333333%4%0%0#4%Normal%3%4%0%0#0%Normal%-1%4%0%0#4%Normal%1.333333%4%0%0#4%Normal%-3%4%0%0#0%Normal%1%4%0%0#4%Normal%4%4%0%0#4%Normal%-2%4%0%0#0%Normal%-6%4%0%0|False|1,
F_ItemMove,True,512,"False|収束縦ライン|Line|1|False|False|0.25|True|0#4|False|0|0#0|0%True%13&0%0""0~0.25~Default%60%90~0.25~Default%0.1%0.4~0.25~InQuad#0%True%-13&0%0""0~0.25~Default%-60%-90~0.25~Default%0.1%0.4~0.25~InQuad#0%True%-13&0%0""0~0.25~Default%60%90~0.25~Default%0.1%0.4~0.25~InQuad#0%True%13&0%0""0~0.25~Default%-60%-90~0.25~Default%0.1%0.4~0.25~InQuad|",
F_LineDrop,True,512,False|32|8|0.1|0.25|270|True|6,
F_SimpleArc,True,512,False|1|0%2&6%4%False%True%True%20%2#2%6&2%4%False%True%True%20%2#2%-6&-2%4%False%True%True%20%2#2%-2&-6%4%False%True%True%20%2#2%7&2%4%False%True%True%20%3#4%-7&-2%4%False%True%True%20%3#4%8&3%4%False%True%True%20%3#4%-8&-3%4%False%True%True%20%3,
F_General,True,512,P_AccelerateHold(True&3&InQuad&1#False|0%Normal%-2%4%0%0#4%Normal%-2%4%0%0#4%Normal%-6%4%0%0#4%Normal%-6%4%0%0#4%Normal%2%4%0%0#4%Normal%2%4%0%0#4%Normal%6%4%0%0#4%Normal%6%4%0%0#1%_None%6%4%0%0#4%Hold%0%1%0%0|False|1,
F_ItemMove_Advanced,True,528,"False||Line|1|False|False|0.5|True|0#0|0#0|0%True%0&0%0""7~0.5~OutCubic%0%%0.3%0~0.5~Linear%6%#0%True%0&0%0""7~0.5~OutCubic%0%%0.8%0~0.5~Linear%0%40~0.5~OutCubic#0%True%0&0%0""7~0.5~OutCubic%0%%0.6%0~0.5~Linear%0%78~0.5~OutCubic#0%True%0&0%0""7~0.5~OutCubic%0%%0.8%0~0.5~Linear%0%144~0.5~OutCubic#0%True%0&0%0""7~0.5~OutCubic%0%%0.8%0~0.5~Linear%0%170~0.5~OutCubic#0%True%0&0%0""7~0.5~OutCubic%0%%0.4%0~0.5~Linear%0%22~0.5~OutCubic|",
F_ItemMove_Advanced,True,528,"True||Line|1|False|False|0.5|True|-2#1|3#1|0%True%0&0%0""-7~0.5~Default%0%%0.3%0~0.5~Linear%6%#0%True%0&0%0""-7~0.5~OutQuart%0%%0.8%0~0.5~Linear%0%40~0.5~OutQuart#0%True%0&0%0""-7~0.5~Default%0%%0.6%0~0.5~Linear%0%78~0.5~Default#0%True%0&0%0""-7~0.5~Default%0%%0.8%0~0.5~Linear%0%144~0.5~Default#0%True%0&0%0""-7~0.5~Default%0%%0.8%0~0.5~Linear%0%170~0.5~Default#0%True%0&0%0""-7~0.5~OutQuart%0%%0.4%0~0.5~Linear%0%22~0.5~OutQuart|",
F_Result,True,540,,
