Name,F_H_Archangel,
1,

F_ItemMove_Advanced,True,0,False||Line|1|False|False|0.5|False|0#0|0#4|0%True%0&9%%0%%0.2%1~2.6666~None&1~0~Default&0.2~4~Default&0.2~4~None&1~0~Default&0.2~4~Default%0%180~0.5~Linear#0%True%0&9%%0%%0.2%0~4~None&1~0~Default&0.2~4~Default&0.2~8~None&1~0~Default&0.2~4~Default%90%270~0.5~Linear#0%True%0&9%%0%%0.2%0~8~None&1~0~Default&0.2~4~Default&0.2~2~None&1~0~Default&0.2~4~Default%180%360~0.5~Linear#0%True%0&9%%0%%0.2%1~0~Default&0.2~4~Default&0.2~2.666~None&1~0~Default&0.2~4~Default%270%450~0.5~Linear|,
F_ItemMove_Advanced,True,8,False||Line|1|False|False|0.5|False|0#0|0#4|0%True%0&9%%0%%0.2%1~0~Default&0.2~4~Default&0.2~2.666~None&1~0~Default&0.2~4~Default&0.2~2.666667~None&1~0~Default&0.2~4~Default&0.2~2.666667~None&1~0~Default&0.2~4~Default%0%180~0.5~Linear#0%True%0&9%%0%%0.2%0~4~None&1~0~Default&0.2~4~Default&0.2~8~None&1~0~Default&0.2~4~Default&0.2~1.6~None&1~0~Default&0.2~4~Default%90%270~0.5~Linear#0%True%0&9%%0%%0.2%1~2.6666~None&1~0~Default&0.2~4~Default&0.2~4~None&1~0~Default&0.2~4~Default&1~2~None&1~0~Default&0.2~4~Default%180%360~0.5~Linear#0%True%0&9%%0%%0.2%0~8~None&1~0~Default&0.2~4~Default&0.2~2~None&1~0~Default&0.2~4~Default&0.2~1.6~None&1~0~Default&0.2~4~Default%270%450~0.5~Linear|,
F_ItemMove_Advanced,True,16,False||Line|1|False|False|0.5|False|0#0|0#4|0%True%0&9%%0%%0.2%1~0~Default&0.2~4~Default&1~0.8~None&1~0~Default&0.2~4~Default%0%180~0.5~Linear#0%True%0&9%%0%%0.2%0.2~0.8888888~None&1~0~Default&0.2~4~Default%90%270~0.5~Linear#0%True%0&9%%0%%0.2%0.2~1.333333~None&1~0~Default&0.2~4~Default%180%360~0.5~Linear#0%True%0&9%%0%%0.2%0.2~2.666667~None&1~0~Default&0.2~4~Default&0.2~0.8888889~None&1~0~Default&0.2~4~Default%270%450~0.5~Linear|,
F_ItemMove_Advanced,True,24,False||Line|1|False|False|0.5|False|0#0|0#4|0%True%0&9%%0%%0.2%1~0~Default&0.2~4~Default%0%180~0.5~Linear#0%True%0&9%%0%%0.2%0.2~1.142857~None&1~0~Default&0.2~4~Default%90%270~0.5~Linear#0%True%0&9%%0%%0.2%0.2~1.333333~None&1~0~Default&0.2~4~Default%180%360~0.5~Linear#0%True%0&9%%0%%0.2%0.2~2.666667~None&1~0~Default&0.2~4~Default%270%450~0.5~Linear|,
F_ItemMove_Advanced,True,0,False|デカ◇|Line|1|False|False|0.125|False|0#0|0#4|0%True%0&13%%0%%0.1%%0%-720~0.125~Linear#0%True%0&13%%0%%0.1%%90%-630~0.125~Linear#0%True%0&13%%0%%0.1%%180%-540~0.125~Linear#0%True%0&13%%0%%0.1%%270%-450~0.125~Linear|,
F_ItemMove,True,0,"False||Line|1|False|False|4|False|0#4|True|45|0#4|0%True%0&0%0""7~4~Default%0%%0.2%0~4~Default#0%True%0&0%0""-7~4~Default%0%%0.2%0~4~Default#0%True%0&0%11""0~4~Default%90%%0.2%0~4~Default#0%True%0&0%-11""0~4~Default%90%%0.2%0~4~Default|",
F_ItemMove,True,0,"False||Line|1|False|False|4|False|0#4|True|-45|0#4|0%True%0&0%0""7~4~Default%0%%0.2%0~4~Default#0%True%0&0%0""-7~4~Default%0%%0.2%0~4~Default#0%True%0&0%11""0~4~Default%90%%0.2%0~4~Default#0%True%0&0%-11""0~4~Default%90%%0.2%0~4~Default|",
F_ItemMove,True,16,"False||Line|1|False|False|4|False|0#4|True|45|0#4|0%True%0&0%0""7~4~Default%0%%0.2%0~4~Default#0%True%0&0%0""-7~4~Default%0%%0.2%0~4~Default#0%True%0&0%11""0~4~Default%90%%0.2%0~4~Default#0%True%0&0%-11""0~4~Default%90%%0.2%0~4~Default|",
F_ItemMove,True,16,"False||Line|1|False|False|4|False|0#4|True|-45|0#4|0%True%0&0%0""7~4~Default%0%%0.2%0~4~Default#0%True%0&0%0""-7~4~Default%0%%0.2%0~4~Default#0%True%0&0%11""0~4~Default%90%%0.2%0~4~Default#0%True%0&0%-11""0~4~Default%90%%0.2%0~4~Default|",
F_JudgeLine,True,31,False|1|4|8|85|0|0|0#0,
F_General,True,32,#True|0%Normal%-6%4%200%1#8%Normal%-2%4%200%1#8%Normal%2%4%200%1#8%Normal%6%4%200%1#4%Hold%-4%1.333333%200%1#4%Hold%4%1.333333%200%1#1%_None%4%4%0%0#8%Normal%6%4%200%1#8%Normal%2%4%200%1#8%Normal%-2%4%200%1#8%Normal%-6%4%200%1#4%Hold%4%2%200%1#4%Hold%-4%1.6%200%1#4%_None%-4%4%0%0#8%Normal%4%4%200%1#8%Normal%4%4%200%1#4%Normal%-4%4%200%1|False|0.8,
F_ItemMove_Advanced,True,32,False||Line|1|False|False|0.125|False|0#0|0#4|0%True%0&9%%0%%0.2%0~0.1333333~None&0~2~Default%0%720~0.125~Linear#0%True%0&9%%0%%0.2%0~0.1333333~None&0~2~Default%90%810~0.125~Linear#0%True%0&9%%0%%0.2%0~0.1333333~None&0~2~Default%180%900~0.125~Linear#0%True%0&9%%0%%0.2%0~0.1333333~None&0~2~Default%270%990~0.125~Linear|,
F_ItemMove_Advanced,True,32,False|デカ◇|Line|1|False|False|0.125|False|0#0|0#4|0%True%0&13%%0%%0.1%0~0.1333333~None&0~2~Default%0%-720~0.125~Linear#0%True%0&13%%0%%0.1%0~0.1333333~None&0~2~Default%90%-630~0.125~Linear#0%True%0&13%%0%%0.1%0~0.1333333~None&0~2~Default%180%-540~0.125~Linear#0%True%0&13%%0%%0.1%0~0.1333333~None&0~2~Default%270%-450~0.125~Linear|,
F_AccelerateHold,True,48,InQuad|0%Normal%-2%4%0%0#0%Normal%2%4%0%0#1.6%Normal%-4%4%0%0#8%Normal%6%4%0%0#8%Normal%7%4%0%0#8%Normal%1%4%2%0#8%Normal%-5%4%0%0#8%Normal%-7%4%0%0#8%Normal%3%4%0%0#8%Normal%0%4%0%0#8%Normal%8%4%0%0#9.142858%Slide%-3%4%0%0#64%Slide%-4%4%0%0#8%Normal%0%4%0%0#8%Normal%7%4%0%0#2.666667%Normal%-5%4%0%0#4%Normal%-1%4%0%0#4%Normal%-8%4%0%0#8%Normal%0%4%0%0#2.666667%Normal%-4%4%0%0#2.666667%Hold%0%0.3809524%5%0|False|0.8,
F_LoopDelay,True,63,"0|8|32|F_ItemMove_Advanced(False##Line#1#False#False#0.3809524#False#0%4#0%0#0&True&-6~0&&90&&0&0.3""4""Default~1""0.4705882""None~0""4""InQuad&0&0""0.8""None~-720""0.6666666""InQuart%0&True&6~0&&90&&0&0.3""4""Default~1""0.4705882""None~0""4""InQuad&0&0""0.8""None~720""0.6666666""InQuart#<<<<<<<<<<<<<<<<<<<>20>20>~1~1~&1%True",
F_Label,True,76,,
F_JudgeLine,True,76,False|1|4|4|128|0|0|0#0,
F_General,True,76,#True|0%Normal%3%4%0%0#8%Normal%-3%4%0%0#8%Normal%0%4%0%0#8%Hold%-6%4%0%0#4%Normal%0%4%0%0#8%Normal%-3%4%0%0#8%Normal%3%4%0%0#8%_None%0%4%0%0#0%_None%0%4%0%0#1.6%_None%0%4%0%0#8%_None%0%4%0%0#8%_None%0%4%0%0#8%Normal%4%4%0%0#8%Normal%4%4%0%0#8%Normal%4%4%0%0#8%Normal%4%4%0%0#4%Normal%-4%4%0%0#8%Normal%-4%4%0%0#8%Normal%-4%4%0%0#8%Normal%-4%4%0%0|False|1,
F_Arc,True,80,False|1||0%0%Linear%False%False%0%4%0&0&0#-3%4%Linear%False%False%0%4%0&0&0#-6%4%Linear%False%False%0%4%0&0&0#-6%4%Linear%False%False%0%4%0&0&0#-6%4%Linear%False%False%0%4%0&0&0#-3%4%Linear%False%False%0%4%0&0&0#0%4%Linear%False%False%0%4%0&0&0#3%4%Linear%False%False%0%4%0&0&0#6%4%Linear%False%False%0%4%0&0&0#6%4%Linear%False%False%0%2%0&0&0#6%4%Linear%True%False%0%4%0&0&0#6%4%Linear%True%False%0%4%0&0&0,
F_General,True,92,#True|0%Normal%3%4%0%0#8%Normal%-3%4%0%0#8%Normal%0%4%0%0#8%Hold%-6%4%0%0#4%Normal%0%4%0%0#8%Normal%-3%4%0%0#8%Normal%3%4%0%0#8%_None%0%4%0%0#0%_None%0%4%0%0#1.6%_None%0%4%0%0#8%_None%0%4%0%0#8%_None%0%4%0%0#8%Normal%4%4%0%0#8%Normal%4%4%0%0#8%Normal%4%4%0%0#8%Normal%4%4%0%0#4%Normal%-4%4%0%0#8%Normal%-4%4%0%0#8%Normal%-4%4%0%0#8%Normal%-4%4%0%0|True|1,
F_Arc,True,96,True|1||0%0%Linear%False%False%0%4%0&0&0#-3%4%Linear%False%False%0%4%0&0&0#-6%4%Linear%False%False%0%4%0&0&0#-6%4%Linear%False%False%0%4%0&0&0#-6%4%Linear%False%False%0%4%0&0&0#-3%4%Linear%False%False%0%4%0&0&0#0%4%Linear%False%False%0%4%0&0&0#3%4%Linear%False%False%0%4%0&0&0#6%4%Linear%False%False%0%4%0&0&0#6%4%Linear%False%False%0%2%0&0&0#6%4%Linear%True%False%0%4%0&0&0#6%4%Linear%True%False%0%4%0&0&0,
F_Arc,True,108,False|1||-2%0%Linear%False%False%0%4%0&0&0#-6%4%Linear%False%False%0%4%0&0&0#-6%4%Linear%False%False%0%4%0&0&0#-6%4%Linear%False%False%0%4%0&0&0#-6%4%Linear%False%False%0%4%0&0&0#-2%4%Linear%False%False%0%4%0&0&0#-2%4%Linear%False%False%0%4%0&0&0#-2%4%Linear%False%False%0%4%0&0&0#-2%4%Linear%False%False%0%4%0&0&0#2%4%Linear%False%False%0%2.666667%0&0&0#2%4%Linear%False%False%8%2%0&0&0#2%4%Linear%True%True%0%4%0&0&0#2%4%Linear%False%True%0%4%0&0&0#-2%4%Linear%False%True%0%2%0&0&0#-2%4%Linear%True%False%0%4%0&0&0#-2%4%Linear%False%False%0%4%0&0&0,
F_General,True,108,#True|0%Normal%4%4%0%0#4%Normal%6%4%0%0#2.666667%Normal%1%4%0%0#8%Normal%5%4%0%0#4%Normal%4%4%0%0#4%Normal%6%4%0%0#2.666667%Normal%5%4%0%0#8%Normal%7%4%0%0#4%Normal%5%4%0%0#4%Normal%-4%4%0%0#2.666667%Normal%-3%4%0%0#8%Normal%-5%4%0%0#4%Normal%6%4%0%0#8%Normal%6%4%0%0#8%Normal%7%4%0%0#2.666667%Normal%4%4%0%0#8%Normal%7%4%0%0|False|1,
F_Arc,True,124,True|1||-2%0%Linear%False%False%0%4%0&0&0#-6%4%Linear%False%False%0%4%0&0&0#-6%4%Linear%False%False%0%4%0&0&0#-6%4%Linear%False%False%0%4%0&0&0#-6%4%Linear%False%False%0%4%0&0&0#-2%4%Linear%False%False%0%4%0&0&0#-2%4%Linear%False%False%0%4%0&0&0#-2%4%Linear%False%False%0%4%0&0&0#-2%4%Linear%False%False%0%4%0&0&0#2%4%Linear%False%False%0%2.666667%0&0&0#2%4%Linear%False%False%8%2%0&0&0#2%4%Linear%True%True%0%4%0&0&0#2%4%Linear%False%True%0%4%0&0&0#-2%4%Linear%False%True%0%2%0&0&0#-2%4%Linear%True%False%0%4%0&0&0#-2%4%Linear%False%False%0%4%0&0&0,
F_General,True,124,#True|0%Normal%4%4%0%0#4%Normal%6%4%0%0#2.666667%Normal%1%4%0%0#8%Normal%5%4%0%0#4%Normal%4%4%0%0#4%Normal%6%4%0%0#2.666667%Normal%5%4%0%0#8%Normal%7%4%0%0#4%Normal%5%4%0%0#4%Normal%-4%4%0%0#2.666667%Normal%-3%4%0%0#8%Normal%-5%4%0%0#4%Normal%6%4%0%0#8%Slide%6%4%0%0#8%Slide%8%4%0%0#8%Slide%8%4%0%0#4%Normal%4%4%0%0#8%Normal%7%4%0%0|True|1,
F_Label,True,140,,
F_General,True,140,P_SinMove(False&7&0.125&0#True|0%Hold%0%0.125%0%0|False|1,
F_General,True,140,#True|1%_None%0%0.25%0%0#4%Hold%-5%5.333333%0%0#4%Hold%-4%5.333333%0%0#4%Hold%-2%5.333333%0%0#4%Hold%0%1%0%0#4%_None%0%1%0%0#1%Hold%2%5.333333%0%0#4%Hold%4%5.333333%0%0#4%Hold%5%5.333333%0%0#4%Hold%5.5%1%0%0|False|1,
F_General,True,156,#True|1%_None%0%1%0%0#4%Hold%0%5.333333%0%0#4%Hold%4%5.333333%0%0#4%Hold%2%5.333333%0%0#4%Hold%6%3.2%0%0#2.666667%Hold%2%3.2%0%0#2.666667%Hold%-3%5.333333%0%0#4%Hold%-5%3.2%0%0#2.666667%Hold%-1%3.2%0%0#2.666667%Hold%-3%5.333333%0%0|False|1,
F_General,True,172,P_SinMove(False&7&0.125&0#True|0%Hold%0%0.125%0%0|True|1,
F_General,True,172,#True|1%_None%0%0.25%0%0#4%Hold%-5%5.333333%0%0#4%Hold%-4%5.333333%0%0#4%Hold%-2%5.333333%0%0#4%Hold%0%1%0%0#4%_None%0%1%0%0#1%Hold%2%5.333333%0%0#4%Hold%4%5.333333%0%0#4%Hold%5%5.333333%0%0#4%Hold%5.5%1%0%0|True|1,
F_General,True,188,#True|1%_None%0%1%0%0#4%Hold%0%5.333333%0%0#4%Hold%4%5.333333%0%0#4%Hold%2%5.333333%0%0#4%Hold%6%3.2%0%0#2.666667%Hold%2%3.2%0%0#2.666667%Hold%-3%5.333333%0%0#4%Hold%-5%3.2%0%0#2.666667%Hold%-1%3.2%0%0#2.666667%Hold%-3%4%0%0|True|1,
F_Label,True,204,,
F_JudgeLine,True,204,False|1|4|4|4|4|90|-8#0,
F_JudgeLine,True,208,False|1|4|4|4|4|90|8#0,
F_ItemMove,True,204,"False|ノーツ|SlideNote|1|True|False|1.333333|False|0#4|False|0|0#0|0%True%2&3%-8""3~1.333333~InQuart%90%%1%|",
F_ItemMove,True,204,"False|ノーツ|SlideNote|1|True|False|1.142857|False|0#4|False|0|0#0|0%True%3&0%-8""0~1.142857~InQuart%90%%1%|",
F_ItemMove,True,204,"False|ノーツ|SlideNote|1|True|False|1|False|0#4|False|0|0#0|0%True%4&-3%-8""-3~1~InQuart%90%%1%|",
F_ItemMove,True,208,"False|ノーツ2|SlideNote|1|True|False|1.6|False|0#4|False|0|0#0|0%True%-2&3%8""3~1.6~InQuart%90%%1%|",
F_ItemMove,True,208,"False|ノーツ2|SlideNote|1|True|False|1.333333|False|0#4|False|0|0#0|0%True%-3&1%8""1~1.333333~InQuart%90%%1%|",
F_ItemMove,True,208,"False|ノーツ2|SlideNote|1|True|False|1.142857|False|0#4|False|0|0#0|0%True%-4&-1%8""-1~1.142857~InQuart%90%%1%|",
F_ItemMove,True,208,"False|ノーツ2|SlideNote|1|True|False|1|False|0#4|False|0|0#0|0%True%-5&-3%8""-3~1~InQuart%90%%1%|",
F_JudgeLine,True,212,False|1|4|8|15|2|0|0#0,
F_General,True,212,#True|0%_None%0%4%0%0#2.666667%Normal%-5%4%0%0#2.666667%Normal%-2.5%4%0%0#4%Normal%0%4%0%0#4%Normal%2%4%0%0#4%Normal%4%4%0%0#8%Normal%5.3%4%0%0|False|1,
F_JudgeLine,True,218,False|1|4|4|6|4|0|0#8,
F_ItemMove,True,218,"False|ノーツ|SlideNote|1|True|False|2|False|0#4|False|0|0#0|0%True%-7&-3%-7""4~2~InQuart%0%%1%|",
F_ItemMove,True,218,"False|ノーツ|SlideNote|1|True|False|1.142857|False|0#4|False|0|0#0|0%True%-3&-5%-3""4~1.142857~InQuart%0%%1%|",
F_LoopDelay,True,221,"8|1|4|F_ItemMove(False#ノーツ#SlideNote#1#True#False#2.666667#False#0%4#False#0#0%0#0&True&1~-3&1>4""2.666667""InCubic&0&&1&#",
F_LoopDelay,True,221,"8|1|4|F_ItemMove(False#ノーツ#SlideNote#1#True#False#2#False#0%4#False#0#0%0#0&True&4~-3.5&4>4""2""InCubic&0&&1&#",
F_LoopDelay,True,221,"8|1|4|F_ItemMove(False#ノーツ#SlideNote#1#True#False#1.6#False#0%4#False#0#0%0#0&True&7~-4&7>4""1.6""InCubic&0&&1&#",
F_JudgeLine,True,224,False|1|4|4|10|2|0|0#0,
F_ItemMove,True,224,"False|ノーツ2|SlideNote|1|True|False|1.6|False|0#4|False|0|0#0|0%True%-6&2%-6""-4~1.6~InQuart%0%%1%|",
F_ItemMove,True,224,"False|ノーツ2|SlideNote|1|True|False|1.333333|False|0#4|False|0|0#0|0%True%-2&3%-2""-4~1.333333~InQuart%0%%1%|",
F_ItemMove,True,224,"False|ノーツ2|SlideNote|1|True|False|1.142857|False|0#4|False|0|0#0|0%True%2&4%2""-4~1.142857~InQuart%0%%1%|",
F_ItemMove,True,224,"False|ノーツ2|SlideNote|1|True|False|1|False|0#4|False|0|0#0|0%True%6&5%6""-4~1~InQuart%0%%1%|",
F_General,True,229,#True|8%Normal%0%4%0%0#4%Normal%-4%4%0%0#4%Normal%4%4%0%0#8%Normal%0%4%0%0|False|1,
F_JudgeLine,True,236,False|1|4|4|32|2|0|0#0,
F_JudgeLine,True,236,False|1|4|4|4|2|90|-8#0,
F_Arc,True,236,False|1||6%0%Linear%False%False%0%4%0&0&0#6%4%Linear%False%False%0%4%0&0&0#-2%4%Linear%False%False%0%4%0&0&0#-2%4%Linear%False%False%0%4%0&0&0#6%4%Linear%False%False%0%4%0&0&0#6%4%Linear%False%False%0%4%0&0&0#2%4%Linear%False%False%0%4%0&0&0#2%4%Linear%False%False%0%4%0&0&0,
F_ItemMove,True,236,"False|ノーツ|SlideNote|1|True|False|1.333333|False|0#4|False|0|0#0|0%True%2&3%-8""3~1.333333~InQuart%90%%1%|",
F_ItemMove,True,236,"False|ノーツ|SlideNote|1|True|False|1.142857|False|0#4|False|0|0#0|0%True%3&0%-8""0~1.142857~InQuart%90%%1%|",
F_ItemMove,True,236,"False|ノーツ|SlideNote|1|True|False|1|False|0#4|False|0|0#0|0%True%4&-3%-8""-3~1~InQuart%90%%1%|",
F_ItemMove,True,240,"False|ノーツ2|SlideNote|1|True|False|1.6|False|0#4|False|0|0#0|0%True%-6&2%-6""-4~1.6~InQuart%0%%1%|",
F_ItemMove,True,240,"False|ノーツ2|SlideNote|1|True|False|1.333333|False|0#4|False|0|0#0|0%True%-2&3%-2""-4~1.333333~InQuart%0%%1%|",
F_ItemMove,True,240,"False|ノーツ2|SlideNote|1|True|False|1.142857|False|0#4|False|0|0#0|0%True%2&4%2""-4~1.142857~InQuart%0%%1%|",
F_ItemMove,True,240,"False|ノーツ2|SlideNote|1|True|False|1|False|0#4|False|0|0#0|0%True%6&5%6""-4~1~InQuart%0%%1%|",
F_Arc,True,244,False|1||-6%0%Linear%False%False%0%4%0&0&0#-6%4%Linear%False%True%0%4%0&0&0#2%4%Linear%False%False%0%4%0&0&0#2%4%Linear%False%True%0%4%0&0&0#-6%4%Linear%False%False%0%4%0&0&0#-6%4%Linear%False%False%0%4%0&0&0#-2%4%Linear%False%False%0%4%0&0&0#-2%4%Linear%False%False%0%4%0&0&0,
F_General,True,244,#True|2.666667%Normal%4%4%0%0#2.666667%Normal%-3%4%0%0#4%Normal%4%4%0%0#4%Normal%0%4%0%0#4%Normal%4%4%0%0#8%Normal%6%4%0%0|False|1,
F_Arc,True,252,False|1||2%0%Linear%False%False%0%8%0&0&0#2%8%Linear%False%False%0%8%0&0&0#6%8%Linear%False%False%0%8%0&0&0#6%8%Linear%False%False%0%8%0&0&0#2%8%Linear%False%False%0%8%0&0&0#2%8%Linear%False%False%0%8%0&0&0#6%8%Linear%False%False%0%8%0&0&0#6%8%Linear%False%False%0%8%0&0&0,
F_General,True,252,#True|0%Normal%-4%4%0%0#4%Normal%0%4%0%0#4%Normal%-6%4%0%0#4%Normal%-2%4%0%0#4%Normal%6%4%0%0#4%Normal%0%4%0%0#4%Normal%4%4%0%0#4%Normal%2%4%0%0|False|1,
F_Arc,True,256,True|1||2%0%Linear%False%False%0%8%0&0&0#2%8%Linear%False%False%0%8%0&0&0#6%8%Linear%False%False%0%8%0&0&0#6%8%Linear%False%False%0%8%0&0&0#2%8%Linear%False%False%0%8%0&0&0#2%8%Linear%False%False%0%8%0&0&0#6%8%Linear%False%False%0%8%0&0&0#6%8%Linear%False%False%0%8%0&0&0,
F_General,True,260,#True|0%Hold%-6%2.666667%0%0#0%Normal%6%4%0%0#8%Normal%5%4%0%0#8%Normal%4%4%0%0#8%Normal%5%4%0%0#8%Hold%6%2.666667%0%0#0%Normal%-5%4%0%0#8%Normal%-4%4%0%0#8%Normal%-3%4%0%0#8%Normal%-4%4%0%0|False|1,
F_General,True,264,#True|0%Normal%7%4%-1%-1#16%Normal%-3%4%-1%-1#16%Normal%3%4%-1%-1#16%Normal%-7%4%-1%-1#16%Normal%5%4%-1%-1#16%Normal%-2%4%-1%-1#16%Normal%2%4%-1%-1#16%Normal%-5%4%-1%-1#0%_None%0%4%0%0#16%Normal%7%4%-1%-1#16%Normal%-6%4%-1%-1#16%Normal%6%4%-1%-1#16%Normal%-4.8%4%-1%-1#16%Normal%4%4%-1%-1#16%Normal%-2.7%4%-1%-1#16%Normal%2%4%-1%-1#16%Normal%0%4%-1%-1|False|1,
F_Label,True,268,サビ,
F_JudgeLine,True,268,False|1|4|4|64|4|0|0#0,
F_ItemMove,True,262,"False||Line|1|False|False|0.05555556|False|-2#4|False|0|0#0|0%True%6&0%-6""0~0.5~InOutSine&6""0~0.5~InOutSine&-6""0~0.5~InOutSine&6""0~0.5~InOutSine&-6""0~0.5~InOutSine&6""0~0.5~InOutSine&-6""0~0.5~InOutSine&6""0~0.5~InOutSine&-6""0~0.5~InOutSine%90%%0%0.2~0.5~Default&0~0.06451613~None&0~2~Default|",
F_ItemMove,True,262,"False||Line|1|False|False|0.05555556|False|2#4|False|0|0#0|0%True%6&0%-6""0~0.5~InOutSine&6""0~0.5~InOutSine&-6""0~0.5~InOutSine&6""0~0.5~InOutSine&-6""0~0.5~InOutSine&6""0~0.5~InOutSine&-6""0~0.5~InOutSine&6""0~0.5~InOutSine&-6""0~0.5~InOutSine%90%%0%0.2~0.5~Default&0~0.06451613~None&0~2~Default|",
F_ItemMove,True,262,"True||Line|1|False|False|0.05555556|False|-2#4|False|0|0#0|0%True%6&0%-6""0~0.5~InOutSine&6""0~0.5~InOutSine&-6""0~0.5~InOutSine&6""0~0.5~InOutSine&-6""0~0.5~InOutSine&6""0~0.5~InOutSine&-6""0~0.5~InOutSine&6""0~0.5~InOutSine&-6""0~0.5~InOutSine%90%%0%0.2~0.5~Default&0~0.06451613~None&0~2~Default|",
F_ItemMove,True,262,"True||Line|1|False|False|0.05555556|False|2#4|False|0|0#0|0%True%6&0%-6""0~0.5~InOutSine&6""0~0.5~InOutSine&-6""0~0.5~InOutSine&6""0~0.5~InOutSine&-6""0~0.5~InOutSine&6""0~0.5~InOutSine&-6""0~0.5~InOutSine&6""0~0.5~InOutSine&-6""0~0.5~InOutSine%90%%0%0.2~0.5~Default&0~0.06451613~None&0~2~Default|",
F_General,True,268,P_SinMove(True&6&0.25&90#True|0%Normal%0%0%0%0#4%Normal%0%0%0%0#4%Normal%0%0%0%0#4%Normal%0%0%0%0#4%Hold%0%4%0%0#4%_None%0%0%0%0#4%Normal%-2%0%0%0#4%Normal%0%0%0%0#4%Hold%0%4%0%0#2%Normal%0%4%0%0#4%Normal%0%4%0%0#4%Hold%0%4%0%0#4%_None%0%4%0%0#4%Normal%3%4%0%0#4%Normal%-2%4%0%0|False|1,
F_General,True,268,P_SinMove(True&6&0.25&270#True|0%Hold%0%1.333333%0%0#1%Normal%0%0%0%0#4%Normal%0%0%0%0#4%Normal%2%0%0%0#4%Normal%0%0%0%0#4%Normal%0%0%0%0#4%Normal%0%0%0%0#4%Normal%0%0%0%0#4%Normal%0%0%0%0#16%Slide%1%0%0%0#16%Slide%2%0%0%0#16%Slide%3%0%0%0#16%Normal%0%0%0%0#4%Normal%2%0%0%0#4%Normal%-3%0%0%0#4%Normal%2%0%0%0|False|1,
F_General,True,282,#True|8%Normal%0%4%0%0|False|1,
F_General,True,284,P_SinMove(True&6&0.25&90#True|0%Hold%0%2%0%0#2%_None%0%2%0%0#4%Normal%0%2%0%0#4%Normal%0%2%0%0#4%Normal%0%2%0%0#4%Normal%2%2%0%0#4%Normal%2%2%0%0#4%Normal%0%2%0%0#16%Normal%-5%2%0%0#16%_None%0%2%0%0#4%Normal%0%2%0%0#8%Normal%0%2%0%0#8%_None%0%2%0%0#8%Normal%0%2%0%0#8%_None%0%2%0%0#8%Normal%0%2%0%0#8%_None%0%2%0%0#16%Normal%0%2%0%0#16%_None%0%2%0%0#8%Normal%0%2%0%0#8%_None%0%2%0%0#4%_None%0%2%0%0#16%Normal%-1%2%0%0#8%Normal%-1%2%0%0|False|1,
F_General,True,284,P_SinMove(True&6&0.25&270#True|0%Normal%0%2%0%0#4%Normal%0%2%0%0#4%Normal%0%2%0%0#4%Normal%0%2%0%0#4%Hold%0%4%0%0#4%_None%0%2%0%0#4%Hold%-2%4%0%0#4%_None%0%2%0%0#4%_None%0%2%0%0#5.333333%Normal%0%2%0%0#16%Normal%5%2%0%0#8%_None%3%2%0%0#8%Normal%0%2%0%0#4%Normal%0%2%0%0#4%Normal%0%2%0%0#8%Normal%0%2%0%0#8%Normal%0%2%0%0#8%_None%0%2%0%0#8%Normal%0%2%0%0#4%Normal%1%2%0%0#8%Normal%1%2%0%0|False|1,
F_General,True,294,#True|8%Normal%0%4%0%0#4%Normal%0%4%0%0|False|1,
F_General,True,300,P_SinMove(True&6&0.25&90#True|0%Normal%-2%2%0%0#4%Normal%-1%2%0%0#4%Normal%0%2%0%0#4%Normal%0%2%0%0#4%Hold%0%4%0%0#4%_None%0%4%0%0#4%Normal%3%4%0%0#4%Normal%3%4%0%0#4%Hold%0%4%0%0#2%Hold%0%4%0%0#4%_None%-4%4%0%0#2%Hold%-6%4%0%0#2%Hold%0%4%0%0|False|1,
F_General,True,300,P_SinMove(True&6&0.25&270#True|0%Hold%0%2%0%0#2%_None%0%2%0%0#4%Normal%0%2%0%0#4%Normal%0%2%0%0#4%Normal%0%2%0%0#4%Hold%-3%4%0%0#4%_None%0%4%0%0#4%_None%0%4%0%0#4%Hold%0%4%0%0#2%Hold%0%4%0%0#0%_None%4%4%0%0#4%Hold%3%4%0%0#2%Hold%3%4%0%0|False|1,
F_General,True,308,#True|8%Normal%0%4%0%0#4%Normal%1%4%0%0#4%Normal%-2%4%0%0#4%Normal%3%4%0%0#0%_None%0%4%0%0#4%Normal%-4%4%0%0#4%Normal%4%4%0%0#4%Normal%-2%4%0%0#4%Normal%2%4%0%0|False|1,
F_General,True,316,P_SinMove(True&6&0.25&90#True|0%_None%0%2%0%0#4%Normal%0%2%0%0#4%Normal%0%2%0%0#4%Normal%0%2%0%0#4%Hold%0%1%0%0#2%_None%-5%8%0%0#2%_None%0%8%0%0#8%Normal%0%8%0%0#8%Normal%0%8%0%0#8%Normal%0%8%0%0#8%_None%0%8%0%0#8%_None%0%8%0%0#8%_None%0%8%0%0#8%_None%0%8%0%0#16%_None%2.5%8%0%0#8%Normal%0%8%0%0#8%Normal%0.5%8%0%0#8%Normal%1%8%0%0#8%Normal%1.5%8%0%0#8%Normal%2%8%0%0#8%Normal%2.5%8%0%0|False|1,
F_General,True,316,P_SinMove(True&6&0.25&270#True|0%Hold%0%2%0%0#2%_None%0%2%0%0#4%Normal%0%2%0%0#4%Normal%0%2%0%0#2%_None%0%2%0%0#0%_None%0%2%0%0#2%_None%0%2%0%0#8%_None%0%2%0%0#8%_None%0%2%0%0#8%_None%0%2%0%0#8%_None%0%2%0%0#8%Normal%0%2%0%0#8%Normal%0%2%0%0#8%Normal%0%2%0%0#8%Normal%0%2%0%0#8%Normal%-0.5%2%0%0#8%Normal%-1%2%0%0#8%Normal%-1.5%2%0%0#8%Normal%-2%2%0%0#8%Normal%-2.5%2%0%0|False|1,
F_ContinuousNotes,True,320,"False|9|0|Slide|16|0#-8|OutQuad|4.3|True#316#F_General(P_SinMove(True""6""0.25""270&True%0~Hold~0~2~0~0&2~_None~0~2~0~0&4~Normal~0~2~0~0&4~Normal~0~2~0~0&2~_None~0~2~0~0&0~_None~0~2~0~0&2~_None~0~2~0~0&8~_None~0~2~0~0&8~_None~0~2~0~0&8~_None~0~2~0~0&8~_None~0~2~0~0&8~Normal~0~2~0~0&8~Normal~0~2~0~0&8~Normal~0~2~0~0&8~Normal~0~2~0~0&8~Normal~-0.5~2~0~0&8~Normal~-1~2~0~0&8~Normal~-1.5~2~0~0&8~Normal~-2~2~0~0&8~Normal~-2.5~2~0~0%False%1|0",
F_Arc,True,324,"False|1|True#316#F_General(P_SinMove(True""6""0.25""270&True%0~Hold~0~2~0~0&2~_None~0~2~0~0&4~Normal~0~2~0~0&4~Normal~0~2~0~0&2~_None~0~2~0~0&0~_None~0~2~0~0&2~_None~0~2~0~0&8~_None~0~2~0~0&8~_None~0~2~0~0&8~_None~0~2~0~0&8~_None~0~2~0~0&8~Normal~0~2~0~0&8~Normal~0~2~0~0&8~Normal~0~2~0~0&8~Normal~0~2~0~0&8~Normal~-0.5~2~0~0&8~Normal~-1~2~0~0&8~Normal~-1.5~2~0~0&8~Normal~-2~2~0~0&8~Normal~-2.5~2~0~0%False%1|0%0%Linear%False%False%0%8%0&0&0#-2%8%Linear%False%False%0%2.666667%0&0&0#-2%4%Linear%True%False%0%8%0&0&0#0%8%Linear%True%False%0%4%0&0&0",
F_Arc,True,326,"False|1|True#316#F_General(P_SinMove(True""6""0.25""90&True%0~_None~0~2~0~0&4~Normal~0~2~0~0&4~Normal~0~2~0~0&4~Normal~0~2~0~0&4~Hold~0~1~0~0&2~_None~-5~8~0~0&2~_None~0~8~0~0&8~Normal~0~8~0~0&8~Normal~0~8~0~0&8~Normal~0~8~0~0&8~_None~0~8~0~0&8~_None~0~8~0~0&8~_None~0~8~0~0&8~_None~0~8~0~0&16~_None~2.5~8~0~0&8~Normal~0~8~0~0&8~Normal~0.5~8~0~0&8~Normal~1~8~0~0&8~Normal~1.5~8~0~0&8~Normal~2~8~0~0&8~Normal~2.5~8~0~0%False%1|0%0%Linear%False%False%0%8%0&0&0#2%8%Linear%False%False%0%3.2%0&0&0#2%5.333333%Linear%True%False%0%8%0&0&0#0%8%Linear%True%False%0%8%0&0&0",
F_General,True,331,#True|0%Slide%-7%4%0%0#128%Slide%-6%4%0%0#128%Slide%-5%4%0%0#128%Slide%-4%4%0%0#128%Slide%-3%4%0%0#128%Slide%-2%4%0%0#128%Slide%-1%4%0%0#128%Slide%0%4%0%0#128%Slide%1%4%0%0#128%Slide%2%4%0%0#128%Slide%3%4%0%0#128%Slide%4%4%0%0#128%Slide%5%4%0%0#128%Slide%6%4%0%0#128%Slide%7%4%0%0|False|1,
F_Label,True,332,,
