Name,F_H_Quela,
1108,

F_JudgeLine,True,-1,False|1|4|4|65|8|0|0#0,
F_JudgeLine,True,0,False|0.2|4|4|32|8|90|7#0,
F_JudgeLine,True,3,False|0.2|4|4|29|8|90|5#0,
F_JudgeLine,True,8,False|0.2|4|4|24|8|90|3#0,
F_JudgeLine,True,11,False|0.2|4|4|21|8|90|1#0,
F_JudgeLine,True,16,False|0.2|4|4|16|8|90|-1#0,
F_JudgeLine,True,19,False|0.2|4|4|13|8|90|-3#0,
F_JudgeLine,True,24,False|0.2|4|4|8|8|90|-5#0,
F_JudgeLine,True,27,False|0.2|4|4|5|8|90|-7#0,
F_SpeedChange,True,6,0.5|0|OutQuad,
F_SpeedChange,True,36,1|1|OutQuad,
F_Quiela_StartArc,True,0,False|1|5||0|-6%0%Linear%False%False%0%2.666%0&0&0#-6%4%Linear%True%False%0%8%0&0&0#-6%8%Linear%False%False%0%4%0&0&0#-3%4%Linear%False%False%0%2.666%0&0&0#0%4%Linear%True%False%0%8%0&0&0#1.5%8%Linear%False%False%0%3.2%0&0&0#1.5%8%Linear%True%False%0%5.333333%0&0&0#1.5%5.333333%Linear%False%False%0%4%0&0&0,
F_Arc,True,8,False|1||0|6%0%Linear%False%False%0%4%0&0&0#6%8%Linear%False%False%0%4%0&0&0#6%4%Linear%False%False%0%4%0&0&0#6%4%Linear%False%False%0%8%0&0&0,
F_Arc,True,11,False|1||0|-8%0%Linear%False%False%0%3.333333%0&0&0#-4%3.333333%Linear%False%False%0%3.333333%0&0&0#0%3.333333%Linear%False%False%0%3.333333%0&0&0#4%3.333333%Linear%False%False%0%3.333333%0&0&0#8%3.333333%Linear%False%False%0%3.333333%0&0&0,
F_ItemMove,True,11,"True|カーテンライン|Line|1|False|False|2|True|0#4|False|0|0#0|0%True%-10&0%-12""0~2~Default%90%80~2~Default%0.2%0~2~Default#8%True%-8&0%-10""0~2~Default%90%80~2~Default%0.2%0~2~Default#8%True%-6&0%-8""0~2~Default%90%80~2~Default%0.2%0~2~Default#8%True%-4&0%-6""0~2~Default%90%80~2~Default%0.2%0~2~Default#8%True%-2&0%-4""0~2~Default%90%80~2~Default%0.2%0~2~Default#8%True%0&0%-2""0~2~Default%90%80~2~Default%0.2%0~2~Default#8%True%2&0%0""0~2~Default%90%80~2~Default%0.2%0~2~Default#8%True%4&0%2""0~2~Default%90%80~2~Default%0.2%0~2~Default#8%True%6&0%4""0~2~Default%90%80~2~Default%0.2%0~2~Default#8%True%8&0%6""0~2~Default%90%80~2~Default%0.2%0~2~Default|",
F_Arc,True,16,False|1||0|-6%0%Linear%False%False%0%2%0&0&0#-6%2%Linear%False%False%0%2%0&0&0#-6%2%Linear%False%False%0%2%0&0&0#-6%2%Linear%False%False%0%8%0&0&0,
F_Arc,True,19,False|1||0|0%0%Linear%False%False%0%4%0&0&0#0%4%Linear%False%False%0%4%0&0&0#0%4%Linear%False%False%0%4%0&0&0#0%4%Linear%False%False%0%4%0&0&0#0%4%Linear%False%False%0%4%0&0&0#0%4%Linear%False%False%0%4%0&0&0#0%4%Linear%False%False%0%4%0&0&0#0%4%Linear%False%False%0%4%0&0&0#0%4%Linear%False%False%0%4%0&0&0#0%4%Linear%False%False%0%4%0&0&0#0%4%Linear%False%False%0%4%0&0&0#0%4%Linear%False%False%0%4%0&0&0#0%4%Linear%False%False%0%4%0&0&0,
F_Arc,True,24,False|1||0|6%0%Linear%False%False%0%4%0&0&0#6%4%Linear%False%False%0%4%0&0&0#6%4%Linear%False%False%0%4%0&0&0,
F_Arc,True,27,False|1||0|-6%0%Linear%False%False%0%4%0&0&0#-6%4%Linear%False%False%0%4%0&0&0#-6%4%Linear%False%False%0%4%0&0&0#-6%4%Linear%False%False%0%4%0&0&0#-6%4%Linear%False%False%0%4%0&0&0,
F_AudioMeter,True,32,False|4|4|96|0.15|0.3|3|4,
F_CameraMove,True,32,False|True|True|0%False%0&0&0%True%0&0&2%False%Default%0.5%Relative,
F_CameraMove,True,40,False|True|True|0%False%0&0&0%True%0&0&-4%False%Default%0.5%Relative,
F_CameraMove,True,48,False|True|True|0%False%0&0&0%True%0&0&4%False%Default%0.5%Relative,
F_CameraMove,True,56,False|True|True|0%False%0&0&0%True%0&0&0%False%Default%0.5%Absolute,
F_CircleNote,True,32,False|2.5|1.333|0#4|InBack|2%Normal%4&2%0&90#1%Normal%-4&2%0&90#1%Normal%5&3%0&90#1%Normal%-5&3%0&90#1%Normal%-5&1%0&-90#1%Normal%3&1%0&-90#1%Normal%-6&1%0&-90#2%Normal%-4&3.5%0&-90#8%Normal%-7&1%0&90#8%Normal%-5&-2%0&-90,
F_ItemMove,True,34,False|円ノーツエフェクト|Line|1|False|False|2|False|0#4|False|0|0#0|0%True%4&2%%20%110~2~Default%0.4%0~2~Default#0%True%4&2%%110%200~2~Default%0.4%0~2~Default|,
F_ItemMove,True,38,False|円ノーツエフェクト|Line|1|False|False|2|False|0#4|False|0|0#0|0%True%-4&2%%20%110~2~Default%0.4%0~2~Default#0%True%-4&2%%110%200~2~Default%0.4%0~2~Default|,
F_ItemMove,True,42,False|円ノーツエフェクト|Line|1|False|False|2|False|0#4|False|0|0#0|0%True%5&3%%20%110~2~Default%0.4%0~2~Default#0%True%5&3%%110%200~2~Default%0.4%0~2~Default|,
F_ItemMove,True,46,False|円ノーツエフェクト|Line|1|False|False|2|False|0#4|False|0|0#0|0%True%-5&3%%20%110~2~Default%0.4%0~2~Default#0%True%-5&3%%110%200~2~Default%0.4%0~2~Default|,
F_ItemMove,True,50,False|円ノーツエフェクト|Line|1|False|False|2|False|0#4|False|0|0#0|0%True%-5&1%%-20%-110~2~Default%0.4%0~2~Default#0%True%-5&1%%-110%-200~2~Default%0.4%0~2~Default|,
F_ItemMove,True,54,False|円ノーツエフェクト|Line|1|False|False|2|False|0#4|False|0|0#0|0%True%3&1%%-20%-110~2~Default%0.4%0~2~Default#0%True%3&1%%-110%-200~2~Default%0.4%0~2~Default|,
F_ItemMove,True,58,False|円ノーツエフェクト|Line|1|False|False|2|False|0#4|False|0|0#0|0%True%-6&1%%-20%-110~2~Default%0.4%0~2~Default#0%True%-6&1%%-110%-200~2~Default%0.4%0~2~Default|,
F_General,True,32,#False|0%Normal%-6%4%0%0#8%Normal%-1%4%0%0#4%Hold%-4%1%0%0#8%_None%-4%4%0%0#2%_None%-4%4%0%0#4%Hold%5%4%0%0|False|1,
F_General,True,40,#False|0%Normal%4%4%0%0#8%Normal%0%4%0%0#4%Hold%-4%1%0%0#8%_None%-4%4%0%0#2%_None%-4%4%0%0#4%Hold%6%4%0%0#4%_None%6%4%0%0#8%Slide%6%4%0%0|False|1,
F_ItemMove,True,43,"False|カーテンライン|Line|1|False|False|2|True|0#4|False|0|0#0|0%True%-10&0%-12""0~2~Default%90%80~2~Default%0.3%0~2~Default#8%True%-8&0%-10""0~2~Default%90%80~2~Default%0.3%0~2~Default#8%True%-6&0%-8""0~2~Default%90%80~2~Default%0.3%0~2~Default#8%True%-4&0%-6""0~2~Default%90%80~2~Default%0.3%0~2~Default#8%True%-2&0%-4""0~2~Default%90%80~2~Default%0.3%0~2~Default#8%True%0&0%-2""0~2~Default%90%80~2~Default%0.3%0~2~Default#8%True%2&0%0""0~2~Default%90%80~2~Default%0.3%0~2~Default#8%True%4&0%2""0~2~Default%90%80~2~Default%0.3%0~2~Default#8%True%6&0%4""0~2~Default%90%80~2~Default%0.3%0~2~Default#8%True%8&0%6""0~2~Default%90%80~2~Default%0.3%0~2~Default|",
F_General,True,48,#False|0%Normal%-6%4%0%0#8%Normal%-1%4%0%0#4%Hold%-4%1%0%0#8%_None%-4%4%0%0#2%_None%-4%4%0%0#4%Hold%6%4%0%0|True|1,
F_General,True,56,#False|0%Normal%0%4%0%0#8%Normal%6%4%0%0#4%Hold%-6%1.142857%0%0|True|1,
F_ItemMove,True,56,False||Line|1|False|False|1|True|0#4|False|0|0#0|0%True%-9&0%%90%%0.2%0~8~Default&0.3~0~Default&0~4~Default&0.4~0~Default&0~8~Default&0.5~0~Default&0~4~Default&0.6~0~Default&0~8~Default&0.7~0~Default&0~4~Default|,
F_ItemMove,True,56,True||Line|1|False|False|1|True|0#4|False|0|0#0|0%True%-9&0%%90%%0.2%0~8~Default&0.3~0~Default&0~4~Default&0.4~0~Default&0~8~Default&0.5~0~Default&0~4~Default&0.6~0~Default&0~8~Default&0.7~0~Default&0~4~Default|,
F_CameraShake,True,60,False|3|8|Vibration_Horizontal|0.5|16|OutQuad|50|True,
F_ItemMove,True,60,False|円ノーツエフェクト|Line|1|False|False|2|True|0#4|False|0|0#0|0%True%-4&3.5%%-20%-110~2~Default%0.3%0~2~Default#0%True%-4&3.5%%-110%-200~2~Default%0.3%0~2~Default|,
F_ItemMove,True,60,False|円ノーツエフェクト|Line|1|False|False|2|True|0#4|False|0|0#0|8%True%-7&1%%20%110~2~Default%0.3%0~2~Default#0%True%-7&1%%110%200~2~Default%0.3%0~2~Default|,
F_ItemMove,True,60,False|円ノーツエフェクト|Line|1|False|False|2|True|0#4|False|0|0#0|4%True%-5&-2%%-20%-110~2~Default%0.3%0~2~Default#0%True%-5&-2%%-110%-200~2~Default%0.3%0~2~Default|,
F_LoopDelay,True,61,"8|1|4|F_ItemBlink(Normal, Hold, Arc#32#11#32#False#3245#1%5#1%3#True",
F_LoopDelay,True,61,8|1|4|F_RandomLinePulse(False#1.6#16#-15%15#0%4#90%90#0.2%0.2#0.1%0.1#1243,
F_LoopDelay,True,61,8|1|4|F_RandomLinePulse(False#1.6#16#-15%15#0%4#90%90#0.2%0.2#0.1%0.1#2345,
F_General,True,61,P_Curve(False&0&40&OutQuad#False|8%Normal%3%4%0%0#16%Normal%0%4%-40%0#16%Normal%6%4%0%0#16%Normal%-5%4%-40%0#16%Normal%1%4%0%0#16%Normal%1%4%0%0#16%Normal%5%4%0%0#16%Normal%-6%4%-40%0#16%Normal%3%4%0%0#16%Normal%0%4%-40%0|False|1,
F_Label,True,64,BuildUp|1,
F_LoopDelay,True,64,"0|39|6|F_ItemMove_Advanced(False##Line#1#False#False#2#False#0%0#-4.7%4.8#0&True&0~0&&0&&0.3&0""2""InQuad&190&260""2""Linear#",
F_LoopDelay,True,64,"0|7|1|F_ItemMove(False#▽#Line#1#False#False#2#False#0%4#False#0#0%0#0&True&0~0&0>5""4""Default~0>12""4""Default&0&30""4""None~30""4""Default&0&0.3""4""Default~0""4""Default%0&True&0~0&4>-4""4""Default~12>-10""4""Default&55&0""4""None~90""4""Default&0.3&0.3""4""Default~0""4""Default%0&True&0~0&-4>-4""4""Default~-10>-10""4""Default&-55&0""4""None~-25""4""Default&0.3&0.3""4""Default~0""4""Default#",
F_LoopDelay,True,64,"2|7|1|F_ItemMove(False#△#Line#1#False#False#2#False#0%4#False#0#0%0#0&True&0~0&0>-5""4""Default~0>-12""4""Default&0&30""4""None~30""4""Default&0&0.3""4""Default~0""4""Default%0&True&0~0&-4>4""4""Default~-12>10""4""Default&55&0""4""None~90""4""Default&0.3&0.3""4""Default~0""4""Default%0&True&0~0&4>4""4""Default~10>10""4""Default&-55&0""4""None~-25""4""Default&0.3&0.3""4""Default~0""4""Default#",
F_ItemMove,True,64,False|判定線|Line|1|False|False|0.1428571|False|0#0|False|0|0#0|0%True%0&0%%0%2~2~OutQuad&0~2~InQuad&-2~2~OutQuad&0~2~InQuad&2~2~OutQuad&0~2~InQuad&-2~2~OutQuad&0~2~InQuad&2~2~OutQuad&0~2~InQuad&-2~2~OutQuad&0~2~InQuad&2~2~OutQuad&0~2~InQuad&-2~2~OutQuad&0~2~InQuad%0.7%|,
F_ItemMove,True,64,True|判定線|Line|1|False|False|0.1428571|False|0#0|False|0|0#0|0%True%0&0%%0%2~2~OutQuad&0~2~InQuad&-2~2~OutQuad&0~2~InQuad&2~2~OutQuad&0~2~InQuad&-2~2~OutQuad&0~2~InQuad&2~2~OutQuad&0~2~InQuad&-2~2~OutQuad&0~2~InQuad&2~2~OutQuad&0~2~InQuad&-2~2~OutQuad&0~2~InQuad%0.7%|,
F_General,True,64,P_2ShakeLoop(2&1&2&0&OutQuad#False|0%Hold%7%4%0%0#8%Normal%2%4%0%0#8%Normal%-1%4%1%0#8%Normal%-4%4%1%0#0%Normal%2%4%0%0#4%Normal%0%4%0%0#8%Normal%4.5%4%0%0#8%Normal%2.5%4%0%0#8%Normal%7%4%0%0#8%Hold%2%4%0%0#0%Slide%-3%16%1%0#0%_None%0%4%0%0#4%Normal%-4%4%1%0#8%Normal%1%4%1%0#16%Normal%-2%4%1%0#16%Normal%3%4%0%0#0%_None%-6%4%0%0#8%Hold%6%16%0%0#8%Hold%-4%16%1%0|False|1,
F_Arc,True,66,False|1||0|-6%8%Linear%False%False%0%8%0&0&0#-2%8%Linear%False%False%-16%16%0&0&0#-6%8%Linear%False%False%-16%16%0&0&0#0%8%JudgeOnly%False%False%16%8%0&0&0#0%8%Linear%False%False%0%8%0&0&0,
F_General,True,72,P_2ShakeLoop(2&1&2&0&OutQuad#False|8%Normal%-4%4%1%0#4%Normal%0%4%0%0#4%Hold%4%4%0%0#0%Normal%-2.518517%16%1%0#8%Normal%0.7%4%0%0#8%Normal%-2%4%1%0#8%Normal%7%4%0%0#8%Normal%0%8%0%0#0%_None%0%4%0%0#8%Normal%5%4%0%0#0%_None%-3%4%1%0#16%Normal%1%4%0%0#16%Hold%5%4%0%0#0%_None%-6%4%0%0#8%Normal%-6%16%1%0#8%Slide%-2%16%1%0#8%Slide%2%16%0%0#8%Slide%6%16%0%0|False|1,
F_LoopDelay,True,72,"8|1|4|F_ContinuousNotes(False#1#7#1#Slide#16#-4%-7#OutQuad#4#True%72%F_General(P_2ShakeLoop(2>1>2>0>OutQuad~False&8""Normal""-4""4""1""0~4""Normal""0""4""0""0~4""Hold""4""4""0""0~0""Normal""-2.518517""16""1""0~8""Normal""0.7""4""0""0~8""Normal""-2""4""1""0~8""Normal""7""4""0""0~8""Normal""0""8""0""0~0""_None""0""4""0""0~8""Normal""5""4""0""0~0""_None""-3""4""1""0~16""Normal""1""4""0""0~16""Hold""5""4""0""0~0""_None""-6""4""0""0~8""Normal""-6""16""1""0~8""Slide""-2""16""1""0~8""Slide""2""16""0""0~8""Slide""6""16""0""0&False&1#1",
F_Arc,True,72,False|1||0|4%0%Linear%False%False%0%8%0&0&0#0%8%Linear%False%False%0%8%0&0&0#0%8%Linear%False%False%0%8%0&0&0,
F_General,True,80,P_2ShakeLoop(2&1&2&0&OutQuad#False|0%_None%-7%4%0%0#8%Normal%4%4%0%0#8%Normal%-4%4%1%0#8%Hold%3%4%0%0#4%Normal%-1%4%1%0#8%Normal%-3%4%1%0#8%Normal%3%4%0%0#8%Normal%-6%4%1%0#8%Hold%0%4%0%0#0%Slide%4%16%0%0#0%_None%0%4%0%0#4%Normal%4%4%0%0#8%Normal%-3%4%1%0#16%Normal%1%4%0%0#16%Normal%-3%4%1%0#0%_None%-6%4%0%0#8%Hold%4%16%0%0#8%Hold%-4%16%1%0|False|1,
F_Arc,True,80,False|1||0|-4%0%Linear%False%True%0%8%0&0&0#0%8%Linear%False%True%0%8%0&0&0#0%8%Linear%False%True%0%8%0&0&0#0%8%Linear%False%True%0%8%0&0&0,
F_General,True,88,P_2ShakeLoop(1&1&2&0&OutQuad#False|0%Normal%0%16%0%0#8%Hold%-4%4%1%0#4%Normal%0%4%0%0#4%Normal%-6%16%1%0#8%Normal%-3%4%0%0#8%Normal%-6%4%1%0|False|1,
F_Arc,True,90,False|1||0|6%8%Linear%False%False%0%8%0&0&0#2%8%Linear%False%True%0%8%0&0&0#6%8%Linear%False%True%0%8%0&0&0,
F_CameraShake,True,92,False|4|4|Vertical|0.35|8|OutQuad|100|True,
F_ItemMove,True,92,False||Line|1|False|False|4|True|0#4|False|0|0#0|0%True%-9&-2%%30%%0.3%0~4~Default#0%True%1&0%%10%%0.4%0~4~Default#0%True%4&-7%%72%%0.4%0~4~Default#4%True%0&2%%64%%0.4%0~4~Default#0%True%-8&-2%%78%%0.4%0~4~Default#0%True%1&3%%-31%%0.4%0~4~Default#4%True%-3&-1%%-81%%0.4%0~4~Default#0%True%2&6%%31%%0.4%0~4~Default#0%True%2&10%%-88%%0.4%0~4~Default#4%True%-2&1%%-10%%0.4%0~4~Default#0%True%-4&2%%-72%%0.4%0~4~Default#0%True%0&1%%-29%%0.4%0~4~Default|,
F_LoopDelay,True,92,0|4|4|F_JudgeLine(False#1#0#4#1#8#0#0%0,
F_StopAndGo,True,92,#False|3|0.6666667%4#4%4#4%4#4%4|0%Normal%7%4%1%0#0%Normal%3%4%1%0#4%Normal%3.666%4%1%0#0%Normal%-0.333%4%1%0#4%Normal%0.333%4%1%0#0%Normal%-3.666%4%1%0#4%Normal%-3%4%1%0#0%Normal%-7%4%1%0#0%_None%-7%4%0%0#4%Hold%-7%4%0%0#8%Normal%-2%4%0%0#8%Normal%1%4%0%0#8%Normal%4%4%0%0#0%Normal%-2%4%0%0#4%Normal%0%4%0%0#8%Normal%-4.5%4%0%0#8%Normal%-2.5%4%0%0#8%Normal%-7%4%0%0|False|1,
F_LoopDelay,True,96,"0|48|6|F_ItemMove_Advanced(True##Line#1#False#False#2#False#0%0#-4.7%4.8#0&True&0~0&&0&&0.3&0""2""InQuad&190&260""2""Linear#",
F_LoopDelay,True,96,"0|8|1|F_ItemMove(True#△#Line#1#False#False#2#False#0%4#False#0#0%0#0&True&0~0&0>-5""4""Default~0>-12""4""Default&0&30""4""None~30""4""Default&0&0.3""4""Default~0""4""Default%0&True&0~0&-4>4""4""Default~-12>10""4""Default&55&0""4""None~90""4""Default&0.3&0.3""4""Default~0""4""Default%0&True&0~0&4>4""4""Default~10>10""4""Default&-55&0""4""None~-25""4""Default&0.3&0.3""4""Default~0""4""Default#",
F_LoopDelay,True,96,"2|8|1|F_ItemMove(True#▽#Line#1#False#False#2#False#0%4#False#0#0%0#0&True&0~0&0>5""4""Default~0>12""4""Default&0&30""4""None~30""4""Default&0&0.3""4""Default~0""4""Default%0&True&0~0&4>-4""4""Default~12>-10""4""Default&55&0""4""None~90""4""Default&0.3&0.3""4""Default~0""4""Default%0&True&0~0&-4>-4""4""Default~-10>-10""4""Default&-55&0""4""None~-25""4""Default&0.3&0.3""4""Default~0""4""Default#",
F_LoopDelay,True,96,"0|4|0.5|F_ItemMove(False#判定線#Line#1#False#False#0.5#False#0%0#False#0#0%0#0&True&0~0&&0&2""2""OutQuad~0""2""InQuad~-2""2""OutQuad~0""2""InQuad&0.7&#",
F_LoopDelay,True,96,"0|4|0.5|F_ItemMove(True#判定線#Line#1#False#False#0.5#False#0%0#False#0#0%0#0&True&0~0&&0&2""2""OutQuad~0""2""InQuad~-2""2""OutQuad~0""2""InQuad&0.7&#",
F_General,True,96,P_2ShakeLoop(2&1&2&0&OutQuad#False|0%_None%7%4%0%0#8%_None%2%4%0%0#8%_None%-1%4%0%0#8%_None%-4%4%0%0#0%_None%2%4%0%0#4%_None%0%4%0%0#8%_None%4.5%4%0%0#8%_None%2.5%4%0%0#8%_None%7%4%0%0#8%Hold%2%4%0%0#0%Slide%-3%16%1%0#0%_None%0%4%0%0#4%Normal%-4%4%1%0#8%Normal%1%4%1%0#16%Normal%-2%4%1%0#16%Normal%3%4%1%0#0%_None%-6%4%0%0#8%Hold%6%16%0%0#8%Hold%-4%16%1%0|True|1,
F_Arc,True,98,True|1||0|-6%8%Linear%False%False%0%8%0&0&0#-2%8%Linear%False%False%-16%16%0&0&0#-6%8%Linear%False%False%-16%16%0&0&0#0%8%JudgeOnly%False%False%16%8%0&0&0#0%8%Linear%False%False%0%8%0&0&0,
F_General,True,104,P_2ShakeLoop(2&1&2&0&OutQuad#False|8%Normal%-4%4%1%0#4%Normal%0%4%0%0#4%Hold%4%4%0%0#0%Normal%-2.518517%16%1%0#8%Normal%0.7%4%0%0#8%Normal%-2%4%1%0#8%Normal%7%4%0%0#8%Normal%0%8%0%0#0%_None%0%4%0%0#8%Normal%5%4%0%0#0%_None%-3%4%1%0#16%Normal%1%4%0%0#16%Hold%5%4%0%0#0%_None%-6%4%0%0#8%Normal%-6%16%1%0#8%Slide%-2%16%1%0#8%Slide%2%16%0%0#8%Slide%6%16%0%0|True|1,
F_LoopDelay,True,104,"8|1|4|F_ContinuousNotes(False#1#7#1#Slide#16#-4%-7#OutQuad#4#True%104%F_General(P_2ShakeLoop(2>1>2>0>OutQuad~False&8""Normal""-4""4""1""0~4""Normal""0""4""0""0~4""Hold""4""4""0""0~0""Normal""-2.518517""16""1""0~8""Normal""0.7""4""0""0~8""Normal""-2""4""1""0~8""Normal""7""4""0""0~8""Normal""0""8""0""0~0""_None""0""4""0""0~8""Normal""5""4""0""0~0""_None""-3""4""1""0~16""Normal""1""4""0""0~16""Hold""5""4""0""0~0""_None""-6""4""0""0~8""Normal""-6""16""1""0~8""Slide""-2""16""1""0~8""Slide""2""16""0""0~8""Slide""6""16""0""0&True&1#1",
F_Arc,True,104,True|1||0|4%0%Linear%False%False%0%8%0&0&0#0%8%Linear%False%False%0%8%0&0&0#0%8%Linear%False%False%0%8%0&0&0,
F_General,True,112,P_2ShakeLoop(2&1&2&0&OutQuad#False|0%_None%-7%4%0%0#8%Normal%4%4%0%0#8%Normal%-4%4%1%0#8%Hold%3%4%0%0#4%Normal%-1%4%1%0#8%Normal%-3%4%1%0#8%Normal%3%4%0%0#8%Normal%-7%4%1%0#8%Hold%-2%4%0%0#0%Slide%3%16%0%0#0%_None%0%4%0%0#4%Normal%4%4%0%0#8%Normal%-3%4%1%0#16%Normal%1%4%0%0#16%Normal%-5%4%1%0#0%_None%-6%4%0%0#8%Hold%4%16%0%0#8%Hold%-4%16%1%0|True|1,
F_Arc,True,112,True|1||0|-4%0%Linear%False%True%0%8%0&0&0#0%8%Linear%False%True%0%8%0&0&0#0%8%Linear%False%True%0%8%0&0&0#0%8%Linear%False%True%0%8%0&0&0,
F_General,True,120,P_2ShakeLoop(1&1&2&0&OutQuad#False|0%Hold%-7%4%1%0#8%Hold%0%1.333%0%0#4%Normal%-7%1%1%0#4%Normal%-4%1%1%0#8%Normal%-7%1%1%0#8%Normal%-5%1%1%0#0%_None%-7%1%0%0#8%Normal%-4%1%0%0#0%Normal%4%1%0%0#8%Normal%-6%1%1%0#0%Normal%6%1%0%0#8%Normal%2%1%0%0#16%Normal%-2%1%1%0#16%Normal%2%1%0%0#8%Normal%-3%1%1%0#0%Slide%1%1%0%0#8%Slide%-1%1%1%0#0%Normal%3%1%0%0#0%_None%3%1%0%0#8%Normal%4%1%0%0#16%Normal%0%1%0%0#16%Normal%2%1%0%0#16%Normal%-2%1%1%0|False|1,
F_Label,True,128,BuildUp|2,
F_CameraShake,True,128,False|32|4|Rotate|2|8|OutQuad|100|True,
F_CameraMove,True,128,False|True|True|0%True%-10&0&0%True%0&0&10%False%InOutQuad%0.25%Relative#0.25%True%10&0&0%True%0&0&-10%False%InOutQuad%0.25%Relative,
F_JudgeLine,True,128,False|0.7|8|4|65|4|0|0#0,
F_LineDrop,True,128,False|127|8|0.1|0.5|90|True|2,
F_ItemMove,True,128,False||Line|1|False|False|0.5|True|0#4|False|0|0#0|0%True%4.5&0%%90%%0%0.3~1~Default&0~1~Default#2%True%1.5&0%%90%%0%0.3~1~Default&0~1~Default#2%True%-1.5&0%%90%%0%0.3~1~Default&0~1~Default#2%True%-4.5&0%%90%%0%0.3~1~Default&0~1~Default|,
F_General,True,128,P_RotateNote(False&Once&1.333333&0.8&4&OutBack&1%P_SideMove(False&1.333333&4&OutQuad#False|0%Normal%6%4%1%6#4%Normal%6%4%-1%6#4%Normal%3%4%1%6#4%Normal%3%4%-1%0#4%Normal%0%4%1%3#4%Normal%3%4%-1%0#4%Normal%0%4%1%-3#4%Normal%-3%4%-1%0#4%Normal%0%4%1%3#4%Normal%-3%4%-1%0#4%Normal%-6%4%1%-3#4%Normal%-3%4%-1%-6|False|1,
F_General,True,128,#False|0%Hold%-6%4%1%0#2.666667%Hold%-3%8%1%0#4%Slide%-3%4%1%0#8%Hold%-6%8%1%0#4%Hold%-9%4%1%0#2.666667%Hold%-6%8%1%0#4%Slide%-6%4%1%0#8%Hold%-9%8%1%0#4%Hold%-12%4%1%0#2.666667%Hold%-9%8%1%0#4%Slide%-9%4%1%0#8%Hold%-15%8%1%0#4%Hold%-12%16%1%0|False|1,
F_General,True,140,P_Transform(True&0&0&Default&0&0&0~0&-7~0%P_Microtremors(True&True&True&3&0.1&3&523453456#False|8%Normal%3%4%0%0#16%Normal%-3.5%4%0%0#16%Normal%1%4%0%0#16%Normal%-5.5%4%0%0#16%Normal%-2%4%0%0#16%Normal%-8%4%0%0#16%Normal%-5.5%4%0%0#16%Normal%-10%4%0%0#16%Normal%-3%4%0%0#16%Normal%-7%4%0%0#16%Normal%-1%4%0%0#16%Normal%-5%4%0%0#16%Normal%0%4%0%0#16%Normal%-4%4%0%0|False|1,
F_LoopDelay,True,140,8|1|4|F_RandomLinePulse(False#1.142857#16#-15%-4#0%0#90%90#0.2%0.2#0.1%0.1#23456,
F_ItemMove,True,144,False||Line|1|False|False|0.5|True|0#4|False|0|0#0|0%True%-13.5&0%%90%%0%0.2~2~Default&0~1~None&0~2~Default#2%True%-10.5&0%%90%%0%0.2~2~Default&0~1~None&0~2~Default#2%True%-7.5&0%%90%%0%0.2~2~Default&0~1~None&0~2~Default#2%True%-4.5&0%%90%%0%0.2~2~Default&0~1~None&0~2~Default|,
F_General,True,144,P_SideMove(False&1.333333&4&OutQuad#False|4%Normal%15%4%12%0#4%Normal%12%4%9%0#4%Normal%15%4%12%0#4%Normal%12%4%15%0#4%Normal%9%4%12%0#4%Normal%12%4%9%0#4%Normal%9%4%12%0#4%Normal%9%4%6%0#4%Normal%6%4%9%0#4%Normal%3%4%0%0#4%Normal%6%4%9%0|True|1,
F_General,True,144,#False|0%Hold%6%4%0%0#2.666667%Hold%3%8%0%0#4%Slide%3%4%0%0#8%Hold%6%8%0%0#4%Hold%3%4%0%0#2.666667%Hold%6%8%0%0#4%Slide%6%4%0%0#8%Hold%3%8%0%0#4%Hold%0%4%0%0#2.666667%Hold%-3%8%0%0#4%Slide%-3%4%0%0#8%Hold%0%8%0%0#4%Hold%-3%16%0%0|True|1,
F_General,True,156,P_Transform(True&0&0&Default&0&0&0~0&4~0%P_Microtremors(True&True&True&3&0.1&3&523453456#False|8%Normal%3%4%0%0#16%Normal%-3.5%4%0%0#16%Normal%1.5%4%0%0#16%Normal%-5%4%0%0#16%Normal%-2%4%0%0#16%Normal%-7.5%4%0%0#16%Normal%-5.5%4%0%0#16%Normal%-10%4%0%0#16%Normal%-2.5%4%0%0#16%Normal%-6.5%4%0%0#16%Normal%0%4%0%0#16%Normal%-4%4%0%0#16%Normal%1%4%0%0#16%Normal%-3%4%0%0|True|1,
F_LoopDelay,True,156,8|1|4|F_RandomLinePulse(False#1.142857#16#-6%4#0%0#90%90#0.2%0.2#0.1%0.1#34756,
F_CameraShake,True,160,False|32|4|Rotate|-2|8|OutQuad|100|True,
F_CameraMove,True,160,False|True|True|0%True%10&0&0%True%0&0&-10%False%InOutQuad%0.25%Relative#0.25%True%-10&0&0%True%0&0&10%False%InOutQuad%0.25%Relative,
F_ItemMove,True,160,False||Line|1|False|False|0.5|True|0#4|False|0|0#0|0%True%4.5&0%%90%%0%0.3~1~Default&0~1~Default#2%True%7.5&0%%90%%0%0.3~1~Default&0~1~Default#2%True%10.5&0%%90%%0%0.3~1~Default&0~1~Default#2%True%13.5&0%%90%%0%0.3~1~Default&0~1~Default|,
F_General,True,160,P_SideMove(False&1.333333&4&OutQuad#False|4%Normal%3%4%0%0#4%Normal%6%4%9%0#4%Normal%6%4%3%0#4%Normal%3%4%0%0#4%Normal%6%4%9%0#4%Normal%6%4%3%0#4%Normal%9%4%6%0#4%Normal%12%4%15%0#4%Normal%9%4%6%0#4%Normal%12%4%15%0#4%Normal%15%4%12%0#4%Normal%12%4%9%0|False|1,
F_General,True,160,#False|0%Hold%-6%4%0%0#2.666667%Hold%-3%8%0%0#4%Slide%-3%4%0%0#8%Hold%-6%8%0%0#4%Hold%-3%4%0%0#2.666667%Hold%0%8%0%0#4%Slide%0%4%0%0#8%Hold%-3%8%0%0#4%Hold%0%4%0%0#2.666667%Hold%3%8%0%0#4%Slide%3%4%0%0#8%Hold%6%8%0%0#4%Hold%3%16%0%0|False|1,
F_General,True,172,P_Curve(False&4&-30&OutQuad#False|8%Normal%16%4%0%0#16%Normal%12%16%0%0#16%Normal%15%4%0%0#16%Normal%7%16%0%0#16%Normal%11%4%0%0#16%Normal%8%16%0%0#0%_None%5%4%0%0#16%Normal%16%4%0%0#16%Normal%10%16%0%0#16%Normal%12%4%0%0#16%Normal%6%16%0%0#16%Normal%15%4%0%0#16%Normal%10.5%16%0%0#16%Normal%10.5%4%0%0#16%Normal%6%16%0%0|False|1,
F_LoopDelay,True,172,8|1|4|F_RandomLinePulse(False#1.142857#16#4%15#0%0#90%90#0.2%0.2#0.1%0.1#23453,
F_ItemMove,True,176,False||Line|1|False|False|0.5|True|0#4|False|0|0#0|0%True%4.5&0%%90%%0%0.2~2~Default&0~1~None&0~2~Default#2%True%1.5&0%%90%%0%0.2~2~Default&0~1~None&0~2~Default#2%True%-1.5&0%%90%%0%0.2~2~Default&0~1~None&0~2~Default#2%True%-4.5&0%%90%%0%0.2~2~Default&0~1~None&0~2~Default|,
F_General,True,176,#False|0%Hold%15%4%0%0#2.666667%Hold%12%8%0%0#4%Slide%12%4%0%0#8%Hold%15%8%0%0#4%Hold%12%4%0%0#2.666667%Hold%9%8%0%0#4%Slide%9%4%0%0#8%Hold%12%8%0%0#4%Hold%9%4%0%0#2.666667%Hold%6%8%0%0#4%Slide%6%4%0%0#8%Hold%3%8%0%0#4%Hold%6%16%0%0|False|1,
F_General,True,176,P_SideMove(False&1.333333&4&OutQuad#False|4%Normal%6%4%9%0#4%Normal%3%4%0%0#4%Normal%3%4%6%0#4%Normal%6%4%3%0#4%Normal%3%4%0%0#4%Normal%3%4%6%0#4%Normal%0%4%3%0#4%Normal%-3%4%0%0#4%Normal%0%4%-3%0#4%Normal%-3%4%0%0#4%Normal%-3%4%-6%0#4%Normal%-3%4%0%0|False|1,
F_General,True,188,P_Curve(False&4&-30&OutQuad#False|8%Normal%5%4%0%0#16%Normal%1%16%0%0#16%Normal%4%4%0%0#16%Normal%-6%16%0%0#16%Normal%-2%4%0%0#16%Normal%-5%16%0%0#0%_None%5%4%0%0#16%Normal%7%4%0%0#16%Normal%-1%16%0%0#16%Normal%1%4%0%0#16%Normal%-7%16%0%0#16%Normal%6%4%0%0#16%Normal%-0.5%16%0%0#16%Normal%-0.5%4%0%0#16%Normal%-7%16%0%0|True|1,
F_LoopDelay,True,188,8|1|4|F_RandomLinePulse(False#1.142857#16#-6%4#0%0#90%90#0.2%0.2#0.1%0.1#65432,
F_Label,True,192,BuildUp|3  ボーカル入り,
F_ItemMove,True,192,False|回転ライン|Line|1|False|False|0.5|False|0#4|False|0|0#0|0%True%0&0%%0%-720~0.5~Default%1%0~0.5~Default#0%True%0&0%%0%-1000~0.5~Default%0.4%0~0.6666667~Default|,
F_ItemMove,True,192,"False|◇|Line|1|False|False|1|False|0#4|False|0|0#0|0%True%0&0%2""2~1~Default%-45%%0.5%0~2~Default#0%True%1&1%6""6~1~Default%-45%%0.3%0~1~Default#0%True%2&2%7""7~1~Default%-45%%0.2%0~2~None&0~4~Default#0%True%0&0%4""4~1~Default%-45%%0.7%0~2~None&0~2~Default#0%True%3&3%7.5""7.5~1~Default%-45%%1%0~2~None&0~2~Default|",
F_ItemMove,True,192,"False|◇|Line|1|False|False|1|False|0#4|True|90|0#4|0%True%0&0%2""2~1~Default%-45%%0.5%0~2~Default#0%True%1&1%6""6~1~Default%-45%%0.3%0~1~Default#0%True%2&2%7""7~1~Default%-45%%0.2%0~2~None&0~4~Default#0%True%0&0%4""4~1~Default%-45%%0.7%0~2~None&0~2~Default#0%True%3&3%7.5""7.5~1~Default%-45%%1%0~2~None&0~2~Default|",
F_ItemMove,True,192,"False|◇|Line|1|False|False|1|False|0#4|True|180|0#4|0%True%0&0%2""2~1~Default%-45%%0.5%0~2~Default#0%True%1&1%6""6~1~Default%-45%%0.3%0~1~Default#0%True%2&2%7""7~1~Default%-45%%0.2%0~2~None&0~4~Default#0%True%0&0%4""4~1~Default%-45%%0.7%0~2~None&0~2~Default#0%True%3&3%7.5""7.5~1~Default%-45%%1%0~2~None&0~2~Default|",
F_ItemMove,True,192,"False|◇|Line|1|False|False|1|False|0#4|True|270|0#4|0%True%0&0%2""2~1~Default%-45%%0.5%0~2~Default#0%True%1&1%6""6~1~Default%-45%%0.3%0~1~Default#0%True%2&2%7""7~1~Default%-45%%0.2%0~2~None&0~4~Default#0%True%0&0%4""4~1~Default%-45%%0.7%0~2~None&0~2~Default#0%True%3&3%7.5""7.5~1~Default%-45%%1%0~2~None&0~2~Default|",
F_ItemMove,True,200,False|判定枠|Line|1|False|False|0.07142857|False|0#4|False|0|0#0|0%True%0&-4%%0%%0%0.5~2~Default&0.7~0.07692307~None&0~2~Default#0%True%8&4%%0%%0%0~2~None&0.5~2~Default&0.7~0.08~None&0~2~Default#0%True%-8&0%%90%%0%0~1.333333~None&0.5~2~Default&0.7~0.08163265~None&0~2~Default#0%True%8&0%%90%%0%0~4~None&0.5~2~Default&0.7~0.07843137~None&0~2~Default|,
F_LoopDelay,True,200,"0|7|0.5|F_ItemMove_Advanced(False##Line#1#False#False#0.5#True#0%4#0%0#0&True&0~0&0>13""0.5""InQuad&0&&0&0.4""0.5""InQuad&0&360""0.5""InQuad%0&True&0~0&0>13""0.5""InQuad&0&&0&0.4""0.5""InQuad&90&450""0.5""InQuad%0&True&0~0&0>13""0.5""InQuad&0&&0&0.4""0.5""InQuad&180&540""0.5""InQuad%0&True&0~0&0>13""0.5""InQuad&0&&0&0.4""0.5""InQuad&270&630""0.5""InQuad#",
F_LoopDelay,True,204,"0|7|0.5|F_ItemMove_Advanced(True##Line#1#False#False#0.5#True#0%4#0%0#0&True&0~0&0>13""0.5""InQuad&0&&0&0.4""0.5""InQuad&0&360""0.5""InQuad%0&True&0~0&0>13""0.5""InQuad&0&&0&0.4""0.5""InQuad&90&450""0.5""InQuad%0&True&0~0&0>13""0.5""InQuad&0&&0&0.4""0.5""InQuad&180&540""0.5""InQuad%0&True&0~0&0>13""0.5""InQuad&0&&0&0.4""0.5""InQuad&270&630""0.5""InQuad#",
F_General,True,206,P_Direction(False&0#False|0%Hold%-2%0.5714286%90%0#2%Hold%-2%0.6153846%-90%0#0.6666667%Hold%3%0.5%0%0#2.666667%Hold%3%0.6153848%180%0#8%_None%-3%0.5333334%1%0#0.5%Hold%-6%0.6666667%0%0#0%Hold%-6%0.6666667%180%0#0.5%Hold%2%0.8%-90%0#0%Hold%2%0.8%90%0#1%_None%-3%0.6666667%3%0#2%Normal%-3%4%0%0#4%Normal%0%1%0%0#4%Hold%3%0.6666667%0%0#1%Hold%-2%0.6666667%-90%0#1%Hold%0%0.5%180%0#1%Hold%-2%1%90%0|False|0.9,
F_CameraShake,True,224,False|4|0.5|Random|0.5|1.333333|OutQuad|634327|True,
F_LoopDelay,True,224,0|4|0.5|F_Circle(False#0%4#0&0~0&8~11~Default~2&0.2~0~Default~2&0.2~0~Default~2%0&0~0&6~12~Default~2&0.1~0~Default~2&0.2~0~Default~2%0&0~0&4~10~Default~1.333333&0.1~0~Default~1.333333&0.1~0.1~Default~1.333333,
F_Label,True,256,BuildUp|4,
F_ItemMove,True,256,False|横枠ライン|Line|1|False|False|0.125|True|0#4|False|0|0#0|0%True%-10&0%%90%%0%0.5~2~Default&0.5~0.1428571~None&0~2~Default#0%True%10&0%%90%%0%0.5~2~Default&0.5~0.1428571~None&0~2~Default#0%True%-9.8&0%%90%%0%0.1~2~Default&0.5~0.1428571~None&0~2~Default#0%True%9.8&0%%90%%0%0.1~2~Default&0.5~0.1428571~None&0~2~Default|,
F_Quiela_RainItem,True,256,False|187|16#32|Slide|70|70|0.3|0.3|4739847,
F_JudgeLine,True,271,False|1|4|4|49|4|0|0#0,
F_General,True,272,P_SinMove(True&True&3&0.25&0#False|8%Slide%-4%4%-4%0#3.2%Slide%-4%4%-5%0#5.333333%Slide%-4%4%-3%0#0%_None%0%4%0%0#2%Slide%-4%4%-8%0#3.2%Slide%-4%4%0%0#5.333333%Slide%-4%4%-8%0#4%Slide%-4%4%0%0#0%_None%0%4%0%0#4%Slide%-4%4%-8%0#3.2%Slide%-4%4%0%0#5.333333%Slide%-4%4%-8%0#0%_None%0%4%0%0#2%Slide%-4%4%0%0#4%Slide%-4%4%-8%0#16%Slide%-4%4%0%0#5.333333%Slide%-4%4%-8%0#8%Slide%-4%4%0%0|False|1,
F_ItemMove,True,270,"False|移動ガイドライン|Line|1|False|False|0.2|True|0#4|False|0|0#0|0%True%-1&0%-4""0~1~InSine&-7""0~1~OutSine&-4""0~1~InSine&-1""0~1~OutSine&-4""0~1~InSine%90%%0%0.3~2~Default&0.3~0.2857143~None&0~2~Default|",
F_ItemMove,True,270,"False|背景上昇ライン|Line|1|False|False|0.25|True|0#4|False|0|0#0|0%True%0&-15%0""15~0.25~Linear%30%%0.06%#0.5%True%0&-15%0""15~0.25~Linear%-10%%0.1%#0.5%True%0&-15%0""15~0.25~Linear%10%%0.1%#0.5%True%0&-15%0""15~0.25~Linear%-25%%0.1%#0.5%True%0&-15%0""15~0.25~Linear%5%10~0.25~Default%0.1%#0.5%True%0&-15%0""15~0.3333333~Linear%-30%-20~0.3333333~Default%0.1%|",
F_General,True,272,#False|0%Hold%4%4%0%0#2.666667%Hold%3%4%0%0#2.666667%Hold%2%4%0%0#2.666667%Hold%1%4%0%0#2.666667%Hold%0%2.666667%0%0#2%Hold%2%1.333333%0%0#1%Hold%4%4%0%0#2.666667%Hold%4%4%0%0#2.666667%Hold%4%8%0%0|False|1,
F_CameraShake,True,288,False|4|0.5|Vibration_Horizontal|0.2|2|OutQuad|200|True,
F_CameraShake,True,288,False|4|0.5|Vertical|0.4|2|OutQuad|100|True,
F_General,True,288,#False|0%Hold%-4%2%0%0#0%Hold%4%4%0%0#2.666667%Normal%4%4%0%0#8%Normal%7%4%0%0#2%Hold%4%2%0%0#8%Normal%-3%2%0%0#8%Normal%-3%2%0%0#4%Normal%-7%2%0%0#4%_None%-7%2%0%0#4%Hold%-4%4%0%0#0%Hold%4%2%0%0#2.666667%Normal%-4%2%0%0#8%Normal%-7%2%0%0#2%_None%-7%2%0%0#8%Normal%0%2%0%0#4%Normal%0%2%0%0#8%Normal%-3%2%0%0#0%Normal%3%2%0%0#2.666667%Normal%-3%2%0%0#0%Normal%3%2%0%0|False|1,
F_General,True,304,#False|0%Hold%-4%1%0%0#0%Hold%4%4%0%0#2.666667%Normal%4%4%0%0#8%Normal%7%4%0%0#2%Hold%4%0.5%0%0#8%Normal%-3%2%0%0#8%Normal%-3%2%0%0#4%Normal%-7%2%0%0#4%_None%-7%2%0%0#4%Hold%-4%4%0%0#0%_None%4%2%0%0#2.666667%Normal%-4%2%0%0#8%Normal%-7%2%0%0#0%_None%-7%2%0%0#2%Normal%-3%2%0%0#8%Normal%0%2%0%0#8%Normal%3%2%0%0#8%Normal%-6%2%0%0#0%Normal%6%2%0%0#8%Normal%-2%2%0%0#8%Normal%2%2%0%0#8%Normal%-6%2%0%0#0%Normal%6%2%0%0|False|1,
F_Label,True,320,BuildUp|5  サビ前,
F_JudgeLine,True,318,False|1|4|4|34|4|0|0#0,
F_General,False,320,#False|0%Normal%-8%4%0%0#2.666667%Normal%-8%4%0%0#4%Normal%-8%4%0%0#8%Normal%-8%4%0%0#8%Normal%-8%4%0%0#4%Normal%-8%4%0%0#8%Normal%-8%4%0%0#8%Normal%-8%4%0%0#8%Normal%-7%4%0%0#8%Normal%-7%4%0%0#8%Normal%-7%4%0%0#16%Normal%-7%4%0%0#16%Slide%-7%4%0%0#0%_None%-8%4%0%0#4%Normal%-7%4%0%0#8%Normal%-7%4%0%0#8%Normal%-7%4%0%0#8%Slide%-7%4%0%0#8%Normal%-7%4%0%0#8%Normal%-7%4%0%0#8%Normal%-7%4%0%0#4%Normal%-7%4%0%0#8%Normal%-7%4%0%0#8%Slide%-7%4%0%0#8%Normal%-7%4%0%0#8%Slide%-7%4%0%0#8%Normal%-7%4%0%0#8%_None%-7%4%0%0|False|1,
F_General,False,335,#False|8%Normal%-8%4%0%0#4%Normal%-8%4%0%0#4%_None%-8%4%0%0#4%Normal%-7%4%0%0#8%Normal%-7%4%0%0#8%Normal%-7%4%0%0#8%Normal%-7%4%0%0#8%Normal%-7%4%0%0#8%Normal%-7%4%0%0#4%Normal%-7%4%0%0#8%Normal%-7%4%0%0#8%Normal%-7%4%0%0#16%Normal%-7%4%0%0#16%Slide%-7%4%0%0#0%_None%-8%4%0%0#4%Normal%-7%4%0%0#8%Slide%-9%4%0%0#8%Slide%-9%4%0%0#8%Slide%-7%4%0%0#8%Normal%-7%4%0%0#8%Normal%-7%4%0%0#8%Normal%-7%4%0%0#4%Normal%-7%4%0%0#8%Normal%-7%4%0%0#8%Normal%-7%4%0%0#8%Normal%-7%4%0%0#8%Normal%-7%4%0%0#8%Slide%-9%4%0%0#8%Normal%-7%4%0%0|False|1,
F_ItemMove,True,320,"False|右叩き付け|Line|1|False|False|1|False|0#4|False|0|0#0|0%True%-8&2%11""-4~2.666667~InCubic%-20%250~2.666667~OutCubic%0.3%0~2.666667~None&0~0~Default#2.666667%True%11&-4%-8""0~1~OutCubic%250%310~1~OutCubic%0.15%0~4~None&0~2~Default#2.666667%True%11&-4%-4""0~1~OutCubic%250%300~1~OutCubic%0.2%0~3.2~None&0~2~Default#2.666667%True%11&-4%0""0~1~OutCubic%250%290~1~OutCubic%0.25%0~2.666667~None&0~2~Default#2.666667%True%11&-4%4""0~1~OutCubic%250%280~1~OutCubic%0.3%0~2.285714~None&0~2~Default#2.666667%True%11&-4%8""0~1~OutCubic%250%270~1~OutCubic%0.35%0~2~None&0~2~Default|",
F_CameraShake,True,320,False|2|2.666667|Vertical|0.5|4|OutQuad|100|True,
F_LoopDelay,True,321,8|1|4|F_CameraShake(False#1#2.666667#Rotate#4#4#OutQuad#100#True,
F_Arc,True,320,False|1||0|-7%0%Detail%False%False%0%5.333333%30&0&2#0%4%JudgeOnly%False%False%5.333333%2.7%0&-3.69&0#-7%2.666667%Detail%True%False%0%4%150&2&0#1%0%Linear%False%False%0%4%0&0&0#0%4%Detail%False%False%0%4%0&-3.69&0,
F_ContinuousNotes,True,320,False|1|9|1|Slide|32|7#1|OutQuad|5||0,
F_General,True,320,#False|0%Normal%7%4%0%0#2.666667%Normal%7.3%4%0%0#4%Normal%6%4%0%0#8%Normal%3%4%0%0#0%Normal%-3%4%0%0#8%Normal%-4.5%4%0%0#4%Hold%-5%16%0%0#8%Hold%-6.5%16%0%0#8%Hold%-4%16%0%0#8%Normal%0%16%0%0#8%Normal%5%16%0%0#8%Normal%0%16%0%0#16%Normal%0%16%0%0#16%Normal%-2%16%0%0#0%Normal%2%16%0%0|False|1,
F_LoopDelay,True,322,8|1|4|F_CameraMove(False#True#True#0&True&-0.3~0~0&True&0~0~0.5&False&Default&0&Relative%8&True&0.6~0~0&True&0~0~-1&False&Default&0&Relative%8&True&-0.3~0~0&True&0~0~0.5&False&Default&0&Relative,
F_LoopDelay,True,323,8|1|4|F_Arc(False#1##0#0&0&Auto&False&False&0&4&0~0~0%0&4&Linear&True&False&0&4&0~0~0%2.5&0&Linear&False&False&0&8&0~0~0%2.5&8&Linear&True&False&0&4&0~-3.69~0%5&0&Linear&False&False&0&8&0~-3.69~0%5&8&Linear&True&False&0&4&0~-3.69~0%7.5&0&Linear&False&False&0&8&0~-3.69~0%7.5&8&Linear&True&False&0&4&0~-3.69~0,
F_LoopDelay,True,322,"0|8|16|F_ItemMove(False##Line#1#False#False#1#False#0%4#False#0#0%0#8&True&-12~8&&45&-90""1""Default&0.3&0""1""Default#",
F_LoopDelay,True,324,8|1|4|F_CameraMove(True#True#True#0&True&-0.3~0~0&True&0~0~0.5&False&Default&0&Relative%8&True&0.6~0~0&True&0~0~-1&False&Default&0&Relative%8&True&-0.3~0~0&True&0~0~0.5&False&Default&0&Relative,
F_LoopDelay,True,327,8|1|4|F_CameraShake(False#2#4#Vertical#0.5#8#OutQuad#100#True,
F_ItemMove,True,327,False||Line|1|False|False|4|True|0#4|False|0|0#0|8%True%-2&0%%90%%0.5%0~4~Default#0%True%2&0%%90%%0.5%0~4~Default#4%True%-5&0%%90%%0.5%0~4~Default#0%True%5&0%%90%%0.5%0~4~Default|,
F_LoopDelay,True,329,8|1|4|F_RandomLinePulse(False#0.6666667#64#-15%15#-8%8#70%110#0%0.2#0%0.2#210,
F_General,True,328,#False|8%Normal%-5%4%0%0#0%Normal%5%4%0%0#8%_None%0%16%0%0#8%_None%5%16%0%0#8%Normal%7%4%0%0#24%Slide%5%16%0%0#24%Slide%3%16%0%0#24%Normal%-1%16%0%0#24%Slide%-3%16%0%0#24%Slide%-5%16%0%0#24%Normal%2%16%0%0#24%Slide%4%16%0%0#24%Slide%6%16%0%0#24%Normal%-7%16%0%0#4%Normal%-1%16%0%0#8%Normal%-6%16%0%0#8%Hold%-7%16%0%0#8%Hold%-7.5%16%0%0#8%Hold%-7%16%0%0#8%Hold%-7.5%16%0%0|False|1,
F_LoopDelay,True,331,8|1|4|F_ContinuousNotes(False#1#12#1#Slide#32#-7%6#OutQuad#6.6##0,
F_LoopDelay,True,332,8|1|4|F_ContinuousNotes(False#1#9#1#Slide#32#-1%7#OutQuad#12##0,
F_LoopDelay,True,333,8|1|4|F_ContinuousNotes(False#1#12#1#Slide#32#7%-4#OutQuad#7##0,
F_LoopDelay,True,335,8|1|4|F_CameraShake(False#2#4#Vertical#0.5#8#OutQuad#100#True,
F_LoopDelay,True,336,8|1|4|F_CameraShake(False#1#4#Rotate#-4#8#OutQuad#100#True,
F_General,True,335,#False|2.666667%Normal%-8%4%0%0#1%_None%-8%4%0%0#4%_None%-8%4%0%0#8%Normal%-7%4%0%0#8%Normal%-7%4%0%0#8%Normal%-7%4%0%0#16%Normal%3%4%0%0#16%Normal%-7%4%0%0#4%Normal%-5%4%0%0|False|1,
F_ItemMove,True,335,"True|左叩き付け|Line|1|False|False|1|False|0#4|False|0|0#0|8%True%-8&2%11""-4~4~InCubic%-20%250~4~OutCubic%0.3%0~4~None&0~0~Default#2.666667%True%11&-4%-8""0~1~OutCubic%250%310~1~OutCubic%0.15%0~4~None&0~2~Default#2.666667%True%11&-4%-4""0~1~OutCubic%250%300~1~OutCubic%0.2%0~3.2~None&0~2~Default#2.666667%True%11&-4%0""0~1~OutCubic%250%290~1~OutCubic%0.25%0~2.666667~None&0~2~Default#2.666667%True%11&-4%4""0~1~OutCubic%250%280~1~OutCubic%0.3%0~2.285714~None&0~2~Default#2.666667%True%11&-4%8""0~1~OutCubic%250%270~1~OutCubic%0.35%0~2~None&0~2~Default|",
F_LoopDelay,True,335,8|1|4|F_Arc(False#1##0#7&0&Auto&False&False&0&10.66667&5.09~4.41~0%-0.5&8&Detail&False&False&-32&8&-46.2~-3~2.36%-2&8&Linear&True&False&0&4&0~0~0%6&0&Linear&False&False&0&4&0~0~0%5.5&4&Detail&False&False&0&4&0~-3.69~0,
F_LoopDelay,True,336,8|1|4|F_ContinuousNotes(False#1#12#1#Slide#32#-8%7#InCubic#12##0,
F_LoopDelay,True,338,8|1|4|F_CameraMove(False#True#True#0&True&-0.3~0~0&False&0~0~0.5&False&Default&0&Relative%8&True&0.3~0~0&False&0~0~-1&False&Default&0&Relative%8&True&-0.4~0~0&False&0~0~0.5&False&Default&0&Relative%8&True&0.3~0~0&False&0~0~0.5&False&Default&0&Relative%8&True&-0.3~0~0&False&0~0~0.5&False&Default&0&Relative%8&True&0.4~0~0&False&0~0~0.5&False&Default&0&Relative,
F_ItemMove,True,338,False||Line|1|False|False|1|True|0#4|False|0|0#0|0%True%8&6%%-45%%0.8%0~1~Default#8%True%7&5%%-45%%0.8%0~1~Default#8%True%6&4%%-45%%0.8%0~1~Default#8%True%-8&-7%%-45%%0.8%0~1~Default#8%True%-7&-6%%-45%%0.8%0~1~Default#8%True%-6&-5%%-45%%0.8%0~1~Default|,
F_LineDrop,True,338,False|12|8|0.08|0.5|55|True|2,
F_LoopDelay,True,338,8|1|4|F_Arc(False#1##0#-7&0&Linear&False&False&0&8&0~0~0%-7&8&Linear&False&False&0&8&0~0~0%-2&0&Linear&False&False&0&8&0~0~0%-2&8&Linear&False&False&0&8&0~0~0%3&0&Linear&False&False&0&8&0~0~0%3&8&Linear&False&False&0&8&0~0~0,
F_Arc,True,340,False|1||0|7%0%Linear%False%False%0%8%0&0&0#7%8%Linear%False%False%0%8%0&0&0#2%0%Linear%False%False%0%8%0&0&0#2%8%Linear%False%False%0%8%0&0&0#-3%0%Linear%False%False%0%8%0&0&0#-3%8%Linear%False%False%0%8%0&0&0,
F_LoopDelay,True,341,8|1|4|F_ContinuousNotes(False#1#12#0#Slide#32#-3%6#InOutSine#5##0,
F_LoopDelay,True,343,8|1|4|F_CameraShake(False#2#4#Vertical#0.5#8#OutQuad#100#True,
F_LoopDelay,True,343,8|1|4|F_ContinuousNotes(False#1#8#1#Slide#32#-7%5#OutQuad#8##0,
F_LoopDelay,True,344,8|1|4|F_ContinuousNotes(False#1#6#0#Slide#48#5%-8#Linear#6##0,
F_LoopDelay,True,345,8|1|4|F_RandomLinePulse(False#0.6666667#64#-15%15#-8%8#70%110#0%0.2#0%0.2#220,
F_General,True,345,#False|8%Hold%6%8%0%0#8%Normal%0%4%0%0#32%Slide%-2%4%0%0#32%Slide%-4%4%0%0#32%Slide%-6%4%0%0#32%Slide%-8%4%0%0#0%Hold%6%16%0%0#32%Slide%-6%4%0%0#32%Slide%-4%4%0%0#32%Slide%-2%4%0%0|False|1,
F_General,True,347,#False|0%Normal%0%4%0%0#32%Slide%-2%4%0%0#32%Slide%-4%4%0%0#32%Slide%-6%4%0%0#32%Slide%-8%4%0%0#0%Hold%6%16%0%0#32%Slide%-6%4%0%0#32%Slide%-4%4%0%0#32%Slide%-2%4%0%0#32%Slide%0%4%0%0|True|1,
F_LoopDelay,True,348,8|1|4|F_CameraShake(False#7#8#Random#0.35#8#OutQuad#110#True,
F_General,True,348,#False|8%Normal%-6%4%0%0#0%Normal%-2%4%0%0#8%Normal%-2%4%0%0#0%Normal%2%4%0%0#8%Normal%2%4%0%0#0%Normal%6%4%0%0#0%_None%-1%4%0%0#8%Normal%0%4%0%0#32%Slide%-1.5%4%0%0#32%Slide%-3%4%0%0#32%Slide%-4.5%4%0%0#32%Normal%6%4%0%0#32%Slide%4.5%4%0%0#32%Slide%3%4%0%0#32%Slide%1.5%4%0%0#32%Normal%-4%4%0%0#32%Slide%-1.75%4%0%0#32%Slide%0.5%4%0%0#32%Slide%2.75%4%0%0#32%Normal%-6%4%0%0#32%Slide%-2.4%4%0%0#32%Slide%1.2%4%0%0#32%Slide%4.8%4%0%0|False|1,
F_CameraMove,True,352,False|True|True|2.666667%True%0&-4&-10%True%0&0&180%False%Default%0%Absolute#1.333333%True%0&10&0%True%0&0&-180%False%OutCubic%1%Relative#0%True%0&-2&0%False%0&0&0%False%Linear%1%Relative,
F_LoopDelay,True,352,"2.666667|2|2.666667|F_ItemVibrate(Normal, Slide, Hold#12#6#0.5#0#Linear#50#-1#True",
F_ItemMove,True,352,"False||Line|1|False|False|2.666667|True|0#4|False|30|-4#2|2.666667%True%-2&-12%-4""-15~2.666667~OutQuad%45%30~2.666667~OutQuad%0.3%0~2.666667~OutQuad#0%True%2&-12%4""-15~2.666667~OutQuad%-45%-30~2.666667~OutQuad%0.3%0~2.666667~OutQuad#0%True%6&0%8""0~2.666667~OutQuad%90%%0.6%0~2.666667~OutQuad#0%True%-6&0%-8""0~2.666667~OutQuad%90%%0.6%0~2.666667~OutQuad|",
F_ItemMove,True,352,"False||Line|1|False|False|2.666667|True|0#-4|False|30|-4#2|1.333333%True%7&0%9""-5~2.666667~Default%90%110~2.666667~Default%0.6%0~2.666667~OutQuad#0%True%-7&0%-9""5~2.666667~OutQuad%90%110~2.666667~Default%0.6%0~2.666667~OutQuad#0%True%6&-8%8""-13~2.666667~OutQuad%60%80~2.666667~Default%0.6%0~2.666667~OutQuad#0%True%-6&8%-8""13~2.666667~OutQuad%60%80~2.666667~Default%0.6%0~2.666667~OutQuad#0%True%0&0%%45%-45~2.666667~InQuad%0.3%0~2.666667~OutQuad#0%True%0&0%%-45%-135~2.666667~InQuad%0.3%0~2.666667~OutQuad|",
F_ItemMove,True,352,False||Line|1|False|False|1|True|0#4|False|30|-4#2|0.888889%True%0&-4%%0%5~1~Default%0.8%0~1~OutQuad#0%True%0&-4%%0%10~1~Default%0.6%0~1~OutQuad#0%True%0&-4%%0%15~1~Default%0.4%0~1~OutQuad#0%True%0&-4%%0%20~1~Default%0.2%0~1~OutQuad|,
F_ItemMove,True,352,False||Line|1|False|False|1|True|0#0|False|30|-4#2|0.888889%True%0&0%%0%360~1~OutQuad%0.5%0.3~1~OutQuad#0%True%0&0%%0%540~1~OutQuad%0.5%0.3~1~OutQuad|,
F_LoopDelay,True,352,2.666667|1|3|F_Quiela_Dummy(2.666667#0.3#0#0&Normal&0&0&0&0%2&Normal&3&0&0&0%0&Hold&-6&2&0&0%2&Normal&-3&0&0&0%4&Slide&4&2&0&0%4&Normal&6&0&0&0%0&Slide&2&2&0&0%4&Normal&-5&2&0&0%2&Normal&2&2&0&0#0&Normal&7&0&0&0%4&Slide&0&0&0&0%4&Normal&-5&0&0&0%0&Normal&2&0&0&0%2&Normal&0&0&0&0%2&Hold&4&2&0&0%4&Normal&-2&0&0&0%0&_None&2&0&0&0%1&Hold&-6&2&0&0%4&Normal&0&0&0&0%4&Slide&3&0&0&0,
F_ItemVibrate,True,359,"Normal, Hold|32|6|0.6|0|OutQuad|100|250|True",
F_Label,True,360,None|サビ,
F_JudgeLine,True,359,False|1|4|4|66|2|0|0#0,
F_JudgeLine,True,359,False|0.2|4|4|66|2|0|0#-0.35,
F_ItemMove,True,360,False|カットイン|Line|1|False|False|0.6666667|True|0#4|False|0|0#0|0%True%1.5&0%%90%40~2~Default%0.5%0~2~OutQuad#64%True%3&0%%90%50~2~Default%0.5%0~2~OutQuad#64%True%4.5&0%%90%60~2~Default%0.5%0~2~OutQuad#64%True%6&0%%90%70~2~Default%0.5%0~2~OutQuad#64%True%7.5&0%%90%80~2~Default%0.5%0~2~OutQuad#64%True%9&0%%90%%0.5%0~2~OutQuad#64%True%10.5&0%%90%%0.5%0~2~OutQuad|,
F_ItemMove,True,360,True|カットイン|Line|1|False|False|0.6666667|True|0#4|False|0|0#0|0%True%1.5&0%%90%40~2~Default%0.5%0~2~OutQuad#64%True%3&0%%90%50~2~Default%0.5%0~2~OutQuad#64%True%4.5&0%%90%60~2~Default%0.5%0~2~OutQuad#64%True%6&0%%90%70~2~Default%0.5%0~2~OutQuad#64%True%7.5&0%%90%80~2~Default%0.5%0~2~OutQuad#64%True%9&0%%90%%0.5%0~2~OutQuad#64%True%10.5&0%%90%%0.5%0~2~OutQuad|,
F_LoopDelay,True,360,"0|32|4|F_ItemMove(False#天の光#Line#1#False#False#1#False#0%4#False#30#0%5#0&True&0~11&&90&0""1""InQuad&0&0.2""1""InQuad%0&True&0~11&&-90&0""1""InQuad&0&0.2""1""InQuad#",
F_LoopDelay,True,360,"0|16|1|F_ItemMove(False##Line#1#False#False#4#False#0%4#False#0#0%0#0&True&0~7&0>4""4""OutQuad&0&10""4""OutQuad&0.5&0""4""OutQuad%0&True&0~-7&0>-4""4""OutQuad&0&10""4""OutQuad&0.5&0""4""OutQuad%0&True&12~0&8>0""4""OutQuad&90&100""4""OutQuad&1&0""4""OutQuad%0&True&-12~0&-8>0""4""OutQuad&90&100""4""OutQuad&1&0""4""OutQuad#",
F_LoopDelay,True,360,"2|16|1|F_ItemMove(False##Line#1#False#False#4#False#0%4#False#0#0%0#0&True&0~7&0>4""4""OutQuad&0&-10""4""OutQuad&0.5&0""4""OutQuad%0&True&0~-7&0>-4""4""OutQuad&0&-10""4""OutQuad&0.5&0""4""OutQuad%0&True&12~0&8>0""4""OutQuad&90&80""4""OutQuad&1&0""4""OutQuad%0&True&-12~0&-8>0""4""OutQuad&90&80""4""OutQuad&1&0""4""OutQuad#",
F_CameraShake,True,361,False|16|2|Vertical|0.3|4|OutQuad|100|True,
F_Reverse,True,362,False|1|False|0|1|1|2|P_SideMove(True&4&1.333333&OutQuad#False|True|0%Normal%5%0%-5%0#0%Hold%-3%2%3%0#4%_None%2%0%0%0#8%Normal%2%0%-2%0#0%_None%2%0%-2%0#8%Hold%2%4%-2%0#4%Normal%-6%4%6%0#8%Hold%-6%4%6%0#8%Normal%0%4%0%0#16%Slide%2%4%-2%0#16%Slide%4%4%-4%0#8%Normal%-6%4%-4%0#8%Slide%-4%4%-4%0|0,
F_SpeedChange,True,362,0.4|0|Linear,
F_SpeedChange,True,364,1|2|OutQuad,
F_Arc,True,365,False|1||0|4%0%Auto%False%True%0%8%0&0&0#-1%8%Linear%False%True%0%8%65&0&0#-1%0%Detail%True%False%-8%8%60&0&21#6%0.8888889%JudgeOnly%False%False%8%2.666667%-125&17&0#6%0.8888889%JudgeOnly%False%False%2.666667%1.6%-125&17&0#6%0.8888889%JudgeOnly%False%False%1.6%1.142857%-125&17&0#6%0.8888889%JudgeOnly%False%False%1.142857%0.8888889%-125&17&0#6%0.8888889%Detail%True%False%0%4%-130&16&0,
F_General,True,366,#False|8%Normal%-7%4%-3%1.333333#8%Normal%-3%4%-3%1.333333#8%Normal%-6%4%-3%1.333333#8%Hold%-2%4%-3%1.333333|False|1,
F_Arc,True,369,False|1||0|-2%8%Auto%False%True%0%4%-90&0&2#-5%4%Detail%False%False%0%4%180&2&0#-5%0%Detail%False%True%0%4%90&0&3#2%4%Detail%False%False%0%4%180&3&0,
F_Arc,True,371,True|1||0|-2%8%Auto%False%True%0%4%-90&0&2#-5%4%Detail%False%False%0%4%180&2&0#-5%0%Detail%False%True%0%4%90&0&3#2%4%Detail%False%False%0%4%180&3&0,
F_Arc,True,371,True|1||0|-2%8%Auto%False%True%0%8%0&0&0#2%8%Detail%False%False%0%4%20&-1.5&0,
F_Arc,True,373,False|1||0|-2%8%Auto%False%True%0%4%-90&0&2#-7%4%Detail%False%False%0%4%180&2&0#-7%0%Detail%False%False%0%4%90&0&1.7#-3%4%Detail%False%False%0%4%190&1.7&0,
F_Arc,True,373,False|1||0|-2%8%Auto%False%True%0%8%0&0&0#2%8%Detail%False%False%0%4%20&-1.5&0,
F_General,True,370,P_SideMove(False&1&4&OutQuad#False|8%Hold%6%8%3%1.333333#2%Hold%-6%8%-3%1.333333#2%Hold%7%8%4%1.333333#4%Normal%1%8%1%1|False|1,
F_ItemMove,True,368,"False||Line|1|False|True|0.5|False|0#4|False|0|0#0|0%True%3&0%-3""0~2~InOutQuad&3""0~2~InOutQuad&-3""0~2~InOutQuad&3""0~2~InOutQuad%105%105~4~Linear&75~2~Linear&105~2~Linear&75~2~Linear&105~4~Linear%0%0.5~4~Default&0.5~0.6666667~Default&0~4~Default|",
F_ItemMove,True,368,"False||Line|1|False|True|0.5|False|0#4|False|0|0#0|0%True%-3&0%3""0~2~InOutQuad&-3""0~2~InOutQuad&3""0~2~InOutQuad&-3""0~2~InOutQuad%-105%-105~4~Linear&-75~2~Linear&-105~2~Linear&-75~2~Linear&-105~4~Linear%0%0.2~4~Default&0.2~0.6666667~Default&0~4~Default|",
F_LoopDelay,True,377,0|3|2|F_JudgeCreate(Normal#-6%0#False#0#0,
F_ItemMove,True,376,"False|飛び跳ねるタップ|NormalNote|1|False|True|0.8|False|0#0|False|0|0#0|0%True%-9&10%-6""0~4~InQuad&-6""7~4~OutQuad&-6""0~4~InQuad&-6""7~4~OutQuad&-6""0~4~InQuad%0%360~4~OutQuad&180~4~InQuad&0~4~OutQuad&-20~4~InQuad&-360~4~OutQuad&0~4~InQuad%1%|",
F_ItemMove,True,376,False|軸線|Line|1|False|False|0.5714286|False|0#4|False|0|0#0|0%True%-6&0%%90%%0.3%0.3~4~Linear&0.6~0~Default&0.3~2~Linear&0.6~0~Default&0.3~2~Linear&0.6~0~Default&0~2~Linear#0%True%-6.1&0%%91%%0.1%0.1~4~Linear&0.2~0~Default&0.1~2~Linear&0.2~0~Default&0.1~2~Linear&0.2~0~Default&0~2~Linear#0%True%-5.9&0%%89%%0.1%0.1~4~Linear&0.2~0~Default&0.1~2~Linear&0.2~0~Default&0.1~2~Linear&0.2~0~Default&0~2~Linear|,
F_General,True,376,#False|0%Hold%0%4%0%0#4%Slide%-6%16%0%0#0%_None%0%4%0%0#8%Normal%2%4%0%0#4%Normal%6%4%0%0#8%Slide%-6%16%0%0#8%Normal%3%4%0%0#8%_None%0%4%0%0#8%Normal%7%16%0%0#8%Normal%-1%16%0%0#0%Slide%-6%16%0%0#8%Normal%5%16%0%0|False|1,
F_ItemMove,True,382,False||Line|1|False|False|2|True|-2#4|False|0|0#0|0%True%10&0%%70%110~4~Default%0.6%0~2~Default#8%True%8&0%%70%110~4~Default%0.6%0~2~Default#8%True%6&0%%70%110~4~Default%0.6%0~2~Default#8%True%4&0%%70%110~4~Default%0.6%0~2~Default|,
F_General,True,382,P_Curve(False&0&40&OutQuad#False|0%Normal%2%4%-50%0#0%Normal%6%4%-50%0#8%Slide%-3%4%50%0#0%Slide%1%4%50%0#8%Slide%-1%4%-30%0#0%Slide%3%4%-30%0#8%Slide%-2%4%30%0#0%Slide%-6%4%30%0#0%_None%1%4%-20%0#0%_None%1%4%0%0#8%Hold%6%2%20%0#4%Normal%3%2%-20%0#4%Hold%3%2%-20%0#4%Normal%0%2%20%0#4%Hold%0%2.666667%-20%0#2.666667%Hold%-3%4%20%0#8%_None%-2%4%0%0#8%Normal%4%4%-20%0#8%Normal%-6%4%30%0#0%Normal%-3%4%40%0|False|1,
F_ItemMove,True,384,"False|シャウト前ライン|Line|1|False|False|0.5|False|0#0|False|0|0#0|0%True%-8&0%-8""0~0.5714286~Default&0""10~4~Default%90%90~0.5714286~Default&270~4~Linear%0%0.5~4~Default&0.5~0.6666667~Default&0.2~4~Default#0%True%-6&0%-6""0~0.5714286~Default&0""10~4~Default%90%90~0.5714286~Default&0~4~Default%0%0~2~Default&0.5~4~Default&0.5~1~Default&0.2~4~Default#0%True%6&0%6""0~0.5714286~Default&0""10~4~Default%90%90~0.5714286~Default&45~4~Default%0%0~2~Default&0~2~Default&0.5~4~Default&0.5~2~Default&0.2~4~Default#0%True%8&0%8""0~0.5714286~Default&0""10~4~Default%90%90~0.5714286~Default&-45~4~Default%0%0~2~Default&0~2~Default&0~3~Default&0.5~4~Default&0.5~6~Default&0.2~4~Default|",
F_ItemBlink,True,392,Hold|4|10|8|True|222|1#5|1#3|True,
F_ItemVibrate,True,392,Hold|4|1.6|0|2.5|InQuad|100|230|True,
F_Quiela_CreateJudge2,True,392,1.6|64,
F_Reverse,True,397,False|6|False|0|4|1|4|P_SideMove(False&1&4&OutQuad#False|False|0%Hold%6%2%8%0#0%Hold%2%1.846154%3%0#0%Hold%-2%1.714286%-3%0#0%Hold%-6%1.6%-8%0|0,
F_LoopDelay,True,392,"0|44|6|F_ItemMove(False#天の光#Line#1#False#False#1#False#0%4#False#180#0%5#0&True&0~10&&90&0""1""InQuad&0&0.2""1""InQuad%0&True&0~10&&-90&0""1""InQuad&0&0.2""1""InQuad#",
F_CameraShake,True,395,False|15|2|Horizontal|0.3|4|OutQuad|100|True,
F_Arc,True,395,False|1||0|5%0%Auto%False%True%0%8%40&0&1#7%4%Auto%False%True%-8%8%0&0&0#1%4%Auto%False%True%-8%8%0&0&0#6%2.666667%JudgeOnly%False%False%8%2.666667%0&0&0#6%2.666667%Auto%False%False%0%8%0&0&0,
F_Arc,True,399,True|1||0|5%0%Auto%False%True%0%8%0&0&0#1%8%Linear%False%True%0%8%65&0&0#1%0%Detail%True%False%-8%8%60&0&16#6%0.8888889%JudgeOnly%False%False%8%2.666667%-125&17&0#6%0.8888889%JudgeOnly%False%False%2.666667%1.6%-125&17&0#6%0.8888889%JudgeOnly%False%False%1.6%1.142857%-125&17&0#7%1.142857%Detail%True%False%0%4%-130&13&0,
F_General,True,395,P_Curve(False&0&40&OutQuad#False|4%Normal%0%2%30%-1#4%Normal%-5%2%30%-1#8%_None%5%1%0%0#2%Hold%5%1.333333%-30%-1#8%_None%-3%0.5333334%0%0#4%_None%5%1%0%0#2%Hold%0%2.666666%1%-1#4%Hold%-5%2.666666%30%-1#4%Hold%5%4%-30%-1#0%_None%0%1%0%0#4%Normal%1%1%14%-1#8%Normal%3%1%-14%-1#0%Normal%-1%1%-14%-1#8%Normal%5%1%14%-1#0%Normal%-3%1%14%-1|False|1,
F_SimpleArc,True,408,False|1|0%7&4%2.666667%False%False%True%20%2#2.666667%-3&-6%2.666667%False%False%True%20%2#2.666667%2&-1%2.666667%False%False%True%20%2#2.666667%4&1%2.666667%False%False%True%20%2,
F_General,True,408,#False|8%Normal%1%4%0%0#8%Normal%0%4%0%0#4%Normal%1%4%0%0#8%Normal%0%4%0%0#4%Normal%-3%4%0%0#8%Normal%-4%4%0%0#4%Normal%-2%4%0%0#8%Normal%-3%4%0%0#0%_None%-3%4%0%0#8%Slide%-5%4%0%0#8%Slide%4%4%0%0#8%Slide%-2%4%0%0#8%Slide%1%4%0%0#8%Hold%-2%1.333333%0%0#0%Hold%2%1.333333%0%0|False|1,
F_General,True,419,P_Curve(False&0&40&OutQuad#False|8%Normal%0%4%1%0#8%Normal%-4.5%4%20%0#16%Normal%2.5%4%-20%0#16%Normal%-5.5%4%20%0#16%Normal%3%4%-20%0#16%Normal%-2.5%4%20%0#16%Normal%5.5%4%-20%0#16%Normal%-3%4%20%0#16%_None%-5.5%4%20%0#16%Normal%7%4%-20%0#16%Normal%1%4%-20%0#16%Normal%2%4%-20%0#16%Normal%-3%4%20%0#16%Normal%7%4%-20%0#16%Normal%-6%4%20%0#16%Normal%4%4%-20%0#16%Normal%-3.5%4%20%0#16%Normal%0%4%1%0|False|1.1,
F_Label,True,424,BuildUp|サビ終わり,
F_LoopDelay,True,424,0|8|1|F_Circle(False#0%4#0&0~0&0~15~Default~1&0~0.2~Linear~1&0~0.2~Default~1%0&0~0&11.6~12~Default~1&0.1~0~Linear~1&1~1~Default~1,
F_ItemMove,True,424,False|中央タップ|NormalNote|1|False|False|0.25|False|0#4|False|0|0#0|0%True%0&0%%90%%0%0.6~0.25~InQuad|,
F_CircleNote,True,428,False|2.5|1.6666|0#4|InBack|0%Slide%0&3.5%0&-90#1%Slide%-6&-3.5%0&90#1%Slide%6&-3.5%0&-90#1%Normal%0&0%0&90,
F_ItemMove,True,440,"False|4点タップ|NormalNote|1|False|False|0.25|False|0#0|False|0|0#0|0%True%0&4%-6""0~2~Default%90%-90~2~Default%0.1%0.6~0.25~InQuad#0%True%0&4%-2""0~1~Default%90%450~1~Default%0.1%0.6~0.25~InQuad#0%True%0&4%2""0~2~Default%90%-270~2~Default%0.1%0.6~0.25~InQuad#0%True%0&4%6""0~1.333333~Default%90%270~1.333333~Default%0.1%0.6~0.25~InQuad|",
F_CircleNote,True,440,False|2.5|1.6666|0#4|InBack|1%Slide%-6&-0.5%0&-90#0%Slide%6&3.5%0&90#1%Slide%-6&3.5%0&90#0%Slide%6&-0.5%0&-90#1%Slide%-4&2%0&90#0%Slide%4&2%0&-90#1%Normal%-6&-4%0&90#0%Normal%-2&-4%0&90#0%Normal%2&-4%0&90#0%Normal%6&-4%0&90,
F_RandomLinePulse,True,452,False|1|64|-15#15|-8#8|0#360|0#0.1|0#0.4|200,
F_RandomLinePulse,True,452,False|1|32|-15#15|-8#8|90#90|0#0.1|0#0.4|205,
F_ItemBlink,True,452,Normal|32|20|8|True|300|1#3|1#4|True,
F_ItemMove,True,455,"False|4点押し予告|Line|1|False|False|4|False|0#4|False|0|0#0|0%True%-8&0%-6""0~4~Default%90%%0.4%0~4~Default#0%True%-4&0%-6""0~4~Default%90%%0.4%0~4~Default#0%True%-4&0%-2""0~4~Default%90%%0.4%0~4~Default#0%True%0&0%-2""0~4~Default%90%%0.4%0~4~Default#0%True%0&0%2""0~4~Default%90%%0.4%0~4~Default#0%True%4&0%2""0~4~Default%90%%0.4%0~4~Default#0%True%4&0%6""0~4~Default%90%%0.4%0~4~Default#0%True%8&0%6""0~4~Default%90%%0.4%0~4~Default|",
F_Quiela_CreateJudge,True,456,0#4|4|3|0.8|1.6|24,
F_ItemMove,True,456,"False|ホールド|HoldNote|0.8|False|False|1.333333|False|0#-4|False|0|0#0|0%True%-6&0%0""0~2~None&-6""-40~4~InQuad%0%%1%#0%True%-2&0%0""0~2~None&-2""-40~4~InQuad%0%%1%#0%True%2&0%0""0~2~None&2""-40~4~InQuad%0%%1%#0%True%6&0%0""0~2~None&6""-40~4~InQuad%0%%1%|",
F_ItemMove_Advanced,True,456,"False|円Revolute|Line|1|False|False|1.25|False|0#0|0#4|0%True%0&4%0""10~1.25~Default%0%%0%0.2~4~Default&0.1~3.333333~None&0~4~Default%0%720~1.25~InOutQuad#0%True%0&4%0""10~1.25~Default%0%%0%0.2~4~Default&0.1~3.333333~None&0~4~Default%45%765~1.25~InOutQuad#0%True%0&4%0""10~1.25~Default%0%%0%0.2~4~Default&0.1~3.333333~None&0~4~Default%90%810~1.25~InOutQuad#0%True%0&4%0""10~1.25~Default%0%%0%0.2~4~Default&0.1~3.333333~None&0~4~Default%135%855~1.25~InOutQuad#0%True%0&4%0""10~1.25~Default%0%%0%0.2~4~Default&0.1~3.333333~None&0~4~Default%180%900~1.25~InOutQuad#0%True%0&4%0""10~1.25~Default%0%%0%0.2~4~Default&0.1~3.333333~None&0~4~Default%225%945~1.25~InOutQuad#0%True%0&4%0""10~1.25~Default%0%%0%0.2~4~Default&0.1~3.333333~None&0~4~Default%270%990~1.25~InOutQuad#0%True%0&4%0""10~1.25~Default%0%%0%0.2~4~Default&0.1~3.333333~None&0~4~Default%315%1035~1.25~InOutQuad|",
F_ItemVibrate,True,456,Hold|4|1.6|0.1|0.6|InCubic|100|222|True,
F_Label,True,456,Drop|2,
F_JudgeLine,True,458,False|1|1|4|32|2|0|0#0,
F_LoopDelay,True,456,"0|16|24|F_ItemMove(False#疑似円#Line#1#False#False#2#False#0%4#True#80#0%0#0&True&4~10&-3>-7""2""Default&-30&180""2""Default&0.5&0""2""Default#",
F_CameraShake,True,461,False|14|2|Vertical|0.3|4|OutQuad|100|True,
F_LoopDelay,True,462,0|3|0.5|F_CameraMove(False#True#True#0&False&0~0~0&True&0~0~2&False&OutQuad&2&Relative%2&False&0~0~0&True&0~0~-2&False&InQuad&2&Relative%2&False&0~0~0&True&0~0~-2&False&OutQuad&2&Relative%2&False&0~0~0&True&0~0~2&False&InQuad&2&Relative,
F_Reverse,True,462,False|1|False|2|2|0.3|2|P_Curve(False&0&30&OutQuad#False|False|0%Slide%-2%0%0%0#0%Slide%2%0%-30%0#4%Normal%-4%0%0%0#0%Hold%6%2.666%-30%0#4%Hold%-5%4%0%0#8%_None%0%4%0%0#8%Hold%2%1%-30%0#8%_None%-2%1.6%0%0#1.142857%Normal%-5%1.142857%0%0#16%Slide%-2.5%1.142857%0%0#16%Slide%-0.5%1.142857%0%0#16%Slide%0.5%1.142857%0%0#16%Normal%5.5%1.142857%-30%0#16%Slide%2.5%1.142857%-30%0#16%Slide%0.5%1.142857%-30%0#16%Slide%-0.5%1.142857%-30%0#16%Normal%-7%1.142857%0%0#16%Slide%-6%1.142857%0%0#16%Slide%-4%1.142857%0%0#16%Slide%-1.5%1.142857%0%0#0%_None%-1%1.142857%0%0#16%Normal%5%1.142857%-30%0#8%Normal%0%1.142857%0%0#8%Normal%-3%1.142857%0%0#0%Normal%3%1.142857%-30%0|0,
F_LoopDelay,True,463,8|1|4|F_LineDrop(False#20#32#0.2#0.5#90#False#7,
F_Arc,True,463,False|1||0|-2%8%Detail%False%True%0%4%20&0&5#-8%1.6%JudgeOnly%False%True%4%2.666667%-60&-5&0#-8%1.6%JudgeOnly%False%False%2.666667%1.6%-60&-5&0#-8%1.6%Detail%False%False%0%4%-60&-5&0,
F_LoopDelay,True,454,"0|7|1|F_ItemMove(False#下から上に昇る#Line#1#False#False#0.6666667#False#0%4#False#0#0%0#0&True&0~-15&0>15""0.6666667""InQuad&30&10""0.6666667""Linear&0.15&%2&True&0~-15&0>15""0.6666667""InQuad&-30&-10""0.6666667""Linear&0.15&#",
F_ItemMove,True,470,False||Line|1|False|False|2|True|-2#4|False|0|0#0|0%True%6&0%%80%60~4~Default%0.5%0~2~Default#8%True%4&0%%80%60~4~Default%0.5%0~2~Default#8%True%2&0%%80%60~4~Default%0.5%0~2~Default|,
F_ItemMove,True,472,"False|ライン演出|Line|1|False|False|2|True|-2#4|False|0|0#0|0%True%-6&0%-5""0~2~Default%100%%0.5%0~32~None&0~0~Default&0.5~32~None&0.5~0~Default&0~2.285714~Default#2.6666%True%4&0%5""0~2~Default%100%%0.5%0~32~None&0~0~Default&0.5~32~None&0.5~0~Default&0~2.285714~Default#2.6666%True%-6&0%-7""0~2~Default%100%%0.5%0~32~None&0~0~Default&0.5~32~None&0.5~0~Default&0~2.285714~Default#2.666667%True%0&0%-1""0~2~Default%100%%0.5%0~32~None&0~0~Default&0.5~32~None&0.5~0~Default&0~2.285714~Default#2.6666%True%5&0%6""0~2~Default%100%%0.5%0~32~None&0~0~Default&0.5~32~None&0.5~0~Default&0~2.285714~Default#8%True%-3&0%-4""0~2~Default%100%%0.5%0~32~None&0~0~Default&0.5~32~None&0.5~0~Default&0~2.285714~Default#8%True%-6&0%-5""0~2~Default%100%%0.5%0~32~None&0~0~Default&0.5~32~None&0.5~0~Default&0~2.285714~Default#8%True%6&0%5""0~2~Default%100%%0.5%0~32~None&0~0~Default&0.5~32~None&0.5~0~Default&0~2.285714~Default#8%True%0&0%1""0~2~Default%100%%0.5%0~32~None&0~0~Default&0.5~32~None&0.5~0~Default&0~2.285714~Default|",
F_General,True,472,P_Curve(False&0&10&OutBack%P_JumpDrop(20&20#False|0%Normal%-6%0%0%0#0%Hold%6%8%-10%1#8%Normal%-3%0%0%0#8%Normal%1%0%-10%1#8%Hold%-6%8%0%0#0%Normal%4%0%-10%1#8%Normal%2%0%-10%1#8%Normal%-2%0%0%0#8%Hold%-4%4%0%0#0%Normal%6%0%-10%1#8%Normal%0%0%0%0#8%Normal%4%0%-10%1#8%Normal%-4%0%0%0#0%Hold%4%4%-10%1#8%Normal%0%4%-10%1#8%Normal%-6%4%0%0#0%_None%-6%4%0%0#8%Normal%6%4%-10%1#8%Normal%2%4%-10%1#8%Normal%-2%4%0%0#8%Normal%-6%4%0%0#8%Hold%-6%1.333333%0%0#0%_None%-7%4%0%0#8%Slide%-5%4%0%0#8%Slide%-7%4%0%0#8%Slide%-5%4%0%0#8%Slide%-7%4%0%0#8%Slide%-5%4%0%0#8%_None%-7%4%0%0#8%Normal%-3%4%0%1|False|1,
F_Arc,True,480,False|1||0|6%0%Auto%False%False%0%4%0&0&0#0%2%JudgeOnly%False%False%4%2%0&0&0#0%2%Auto%False%False%0%2.666667%0&0&0#6%2.666667%Auto%False%False%0%8%0&0&0#3%8%Auto%False%False%0%4%0&0&0#6%4%Linear%False%False%0%4%0&0&0#0%1.333333%JudgeOnly%False%True%4%2%0&0&0#0%1.333333%JudgeOnly%False%True%2%1.333333%0&0&0#0%1.333333%Auto%True%False%0%4%0&0&0,
F_Arc,True,484,False|1||0|-8%0%Auto%False%False%0%4%0&0&0#0%1%JudgeOnly%False%False%4%2%0&0&0#0%1%JudgeOnly%False%True%2%1.333333%0&0&0#0%1%JudgeOnly%False%True%1.333333%1%0&0&0#0%1%Auto%True%True%0%4%0&0&0,
F_Label,True,488,Out|,
F_ItemMove,True,488,"False||Line|1|False|False|4|True|0#0|False|0|0#0|0%True%0&0%0""12~4~Default%0%%0.1%#0%True%0&0%-12""0~4~Default%90%%0.1%#0%True%0&0%12""0~4~Default%90%%0.1%|",
F_Circle,True,488,False|0#0|0%0&0%3&15&Default&4%0.2&0&Default&4%0.1&0.1&Default&4#0%0&0%0&10&Default&4%0.2&0&Default&4%0.1&0.1&Default&4,
F_LoopDelay,True,488,"0|24|2|F_ItemMove(False##Line#1#False#False#0.25#True#0%4#False#0#0%0#0&True&1~0&12>0""0.25""InQuad&90&100""0.5""InOutQuad~80""0.5""InOutQuad&0&0.6""0.25""InQuart%0&True&-1~0&-12>0""0.25""InQuad&-90&-100""0.5""InOutQuad~-80""0.5""InOutQuad&0&0.6""0.25""InQuart#",
F_JudgeLine,True,500,False|0.4|2|4|16|1|0|0#0,
F_General,True,503,#False|8%Slide%6%4%0%0#8%Slide%-6%4%0%0#8%Slide%4%4%0%0#8%Slide%-4%4%0%0#8%Slide%6%4%0%0#8%Slide%-6%4%0%0#8%Slide%4%4%0%0#8%Slide%-4%4%0%0#8%Slide%3%4%0%0#8%Slide%1%4%0%0#8%Slide%-1%4%0%0#8%Slide%-3%4%0%0#8%Slide%6%4%0%0#8%Slide%2%4%0%0#8%Slide%-2%4%0%0#8%Slide%-6%4%0%0#8%Slide%4.5%4%0%0#8%Slide%-1.5%4%0%0#8%Slide%1.5%4%0%0#8%Slide%-4.5%4%0%0#8%Normal%6%4%0%0#8%Normal%-2%4%0%0#8%Normal%2%4%0%0#8%Normal%-6%4%0%0|False|1,
F_Result,True,524,,
